文件名,解析时间(ms),内存使用(KB),AST节点数量,结果
/pub/data/jiafq/iscas/Parser_Comparison/../benchmarks/part85/non-incremental/QF_NRA/UltimateAutomizer/InVarSynth_2001TACAS-BallPodelskiRajamani.c_Iteration2_0.smt2,42.7167,0,901,成功
/pub/data/jiafq/iscas/Parser_Comparison/../benchmarks/part85/non-incremental/QF_NRA/UltimateAutomizer/InVarSynth_BeyerHenzingerMajumdarRybalchenko-PLDI2007-Figure4.bpl_Iteration2_0.smt2,16.089,0,314,成功
/pub/data/jiafq/iscas/Parser_Comparison/../benchmarks/part85/non-incremental/QF_NRA/UltimateAutomizer/InVarSynth_BoolVsInt.c_Iteration3_0.smt2,58.8497,0,1387,成功
/pub/data/jiafq/iscas/Parser_Comparison/../benchmarks/part85/non-incremental/QF_NRA/UltimateAutomizer/InVarSynth_BugFreshConstantInSSA.bpl_Iteration2_0.smt2,24.2765,0,410,成功
/pub/data/jiafq/iscas/Parser_Comparison/../benchmarks/part85/non-incremental/QF_NRA/UltimateAutomizer/InVarSynth_BugHoareAnnotationWithMinimiation.bpl_Iteration1_0.smt2,22.5213,0,372,成功
/pub/data/jiafq/iscas/Parser_Comparison/../benchmarks/part85/non-incremental/QF_NRA/UltimateAutomizer/InVarSynth_BugIntegerDivision01.c_Iteration2_0.smt2,56.3537,0,949,成功
/pub/data/jiafq/iscas/Parser_Comparison/../benchmarks/part85/non-incremental/QF_NRA/UltimateAutomizer/InVarSynth_BugIsInductiveReturnGlobalVarRenaming.bpl_Iteration1_0.smt2,16.9284,224,372,成功
/pub/data/jiafq/iscas/Parser_Comparison/../benchmarks/part85/non-incremental/QF_NRA/UltimateAutomizer/InVarSynth_BugSubstitution.bpl_Iteration3_0.smt2,11.3718,0,209,成功
/pub/data/jiafq/iscas/Parser_Comparison/../benchmarks/part85/non-incremental/QF_NRA/UltimateAutomizer/InVarSynth_ConditionalExpression-SideEffects-Safe.c_Iteration1_0.smt2,50.953,0,1277,成功
/pub/data/jiafq/iscas/Parser_Comparison/../benchmarks/part85/non-incremental/QF_NRA/UltimateAutomizer/InVarSynth_ConditionalExpression-SideEffects-Safe.c_Iteration1_1.smt2,53.8036,0,1418,成功
/pub/data/jiafq/iscas/Parser_Comparison/../benchmarks/part85/non-incremental/QF_NRA/UltimateAutomizer/InVarSynth_ConditionalExpression-SideEffects-Safe.c_Iteration1_2.smt2,53.7909,220,1419,成功
/pub/data/jiafq/iscas/Parser_Comparison/../benchmarks/part85/non-incremental/QF_NRA/UltimateAutomizer/InVarSynth_DivisibilityInterpolantRequired02-ForwardSuccess.bpl_Iteration1_0.smt2,32.5415,0,604,成功
/pub/data/jiafq/iscas/Parser_Comparison/../benchmarks/part85/non-incremental/QF_NRA/UltimateAutomizer/InVarSynth_Elevator.bpl_Iteration1_0.smt2,36.9952,0,934,成功
/pub/data/jiafq/iscas/Parser_Comparison/../benchmarks/part85/non-incremental/QF_NRA/UltimateAutomizer/InVarSynth_EuclideanIntegerDivision.bpl_Iteration4_0.smt2,26.4049,0,551,成功
/pub/data/jiafq/iscas/Parser_Comparison/../benchmarks/part85/non-incremental/QF_NRA/UltimateAutomizer/InVarSynth_GateControllerIncorrect1.bpl_Iteration1_0.smt2,18.2417,0,399,成功
/pub/data/jiafq/iscas/Parser_Comparison/../benchmarks/part85/non-incremental/QF_NRA/UltimateAutomizer/InVarSynth_GoannaDoubleFreeWithoutPointers.bpl_Iteration1_0.smt2,132.873,0,2261,成功
/pub/data/jiafq/iscas/Parser_Comparison/../benchmarks/part85/non-incremental/QF_NRA/UltimateAutomizer/InVarSynth_GoannaDoubleFreeWithoutPointers.bpl_Iteration1_1.smt2,131.179,0,2316,成功
/pub/data/jiafq/iscas/Parser_Comparison/../benchmarks/part85/non-incremental/QF_NRA/UltimateAutomizer/InVarSynth_GoannaDoubleFreeWithoutPointers.c_Iteration2_0.smt2,35.0438,0,825,成功
/pub/data/jiafq/iscas/Parser_Comparison/../benchmarks/part85/non-incremental/QF_NRA/UltimateAutomizer/InVarSynth_GopanReps-CAV2006-Fig1.c_Iteration2_0.smt2,25.4864,0,690,成功
/pub/data/jiafq/iscas/Parser_Comparison/../benchmarks/part85/non-incremental/QF_NRA/UltimateAutomizer/InVarSynth_ImpulseTest.bpl_Iteration2_0.smt2,20.1804,0,370,成功
/pub/data/jiafq/iscas/Parser_Comparison/../benchmarks/part85/non-incremental/QF_NRA/UltimateAutomizer/InVarSynth_InvariantSynthesis_Disjunctive02.bpl_Iteration1_0.smt2,58.5791,0,839,成功
/pub/data/jiafq/iscas/Parser_Comparison/../benchmarks/part85/non-incremental/QF_NRA/UltimateAutomizer/InVarSynth_LabelEncodingWithUnrolling.bpl_Iteration2_0.smt2,18.3694,0,351,成功
/pub/data/jiafq/iscas/Parser_Comparison/../benchmarks/part85/non-incremental/QF_NRA/UltimateAutomizer/InVarSynth_LexIndexValue-Pointer-Reduced.bpl_Iteration1_0.smt2,7.75048,0,164,成功
/pub/data/jiafq/iscas/Parser_Comparison/../benchmarks/part85/non-incremental/QF_NRA/UltimateAutomizer/InVarSynth_ManyFactsAboutX.bpl_Iteration1_0.smt2,33.1826,0,708,成功
/pub/data/jiafq/iscas/Parser_Comparison/../benchmarks/part85/non-incremental/QF_NRA/UltimateAutomizer/InVarSynth_ManyFactsAboutX.bpl_Iteration1_1.smt2,32.154,0,708,成功
/pub/data/jiafq/iscas/Parser_Comparison/../benchmarks/part85/non-incremental/QF_NRA/UltimateAutomizer/InVarSynth_MonadicInvariant01.bpl_Iteration1_0.smt2,7.60361,0,164,成功
/pub/data/jiafq/iscas/Parser_Comparison/../benchmarks/part85/non-incremental/QF_NRA/UltimateAutomizer/InVarSynth_NutzTransformation05.c_Iteration1_0.smt2,16.0463,0,309,成功
/pub/data/jiafq/iscas/Parser_Comparison/../benchmarks/part85/non-incremental/QF_NRA/UltimateAutomizer/InVarSynth_OrderDependentEquality.c_Iteration2_0.smt2,27.9834,0,631,成功
/pub/data/jiafq/iscas/Parser_Comparison/../benchmarks/part85/non-incremental/QF_NRA/UltimateAutomizer/InVarSynth_PostfixIncrementDecrement.c_Iteration3_0.smt2,30.3122,0,548,成功
/pub/data/jiafq/iscas/Parser_Comparison/../benchmarks/part85/non-incremental/QF_NRA/UltimateAutomizer/InVarSynth_PrefixIncrementDecrement.c_Iteration3_0.smt2,24.5649,0,547,成功
/pub/data/jiafq/iscas/Parser_Comparison/../benchmarks/part85/non-incremental/QF_NRA/UltimateAutomizer/InVarSynth_PrefixIncrementDecrement.c_Iteration3_1.smt2,26.0818,0,549,成功
/pub/data/jiafq/iscas/Parser_Comparison/../benchmarks/part85/non-incremental/QF_NRA/UltimateAutomizer/InVarSynth_SAS09.c_Iteration2_0.smt2,30.1232,0,749,成功
/pub/data/jiafq/iscas/Parser_Comparison/../benchmarks/part85/non-incremental/QF_NRA/UltimateAutomizer/InVarSynth_SAS09.c_Iteration3_0.smt2,39.6745,0,899,成功
/pub/data/jiafq/iscas/Parser_Comparison/../benchmarks/part85/non-incremental/QF_NRA/UltimateAutomizer/InVarSynth_SAS09doubleLoop-incorrect.bpl_Iteration3_0.smt2,14.2726,0,344,成功
/pub/data/jiafq/iscas/Parser_Comparison/../benchmarks/part85/non-incremental/QF_NRA/UltimateAutomizer/InVarSynth_SAS09doubleLoop-incorrect.bpl_Iteration3_1.smt2,16.578,0,378,成功
/pub/data/jiafq/iscas/Parser_Comparison/../benchmarks/part85/non-incremental/QF_NRA/UltimateAutomizer/InVarSynth_ShortCircuit-SideEffect-DoStatement-Safe.c_Iteration2_0.smt2,26.8237,0,668,成功
/pub/data/jiafq/iscas/Parser_Comparison/../benchmarks/part85/non-incremental/QF_NRA/UltimateAutomizer/InVarSynth_ShortCircuit-SideEffect-FunctionCallExpression-Safe.c_Iteration1_0.smt2,55.0357,224,1349,成功
/pub/data/jiafq/iscas/Parser_Comparison/../benchmarks/part85/non-incremental/QF_NRA/UltimateAutomizer/InVarSynth_ShortCircuit-SideEffect-SwitchStatement-Safe.c_Iteration1_0.smt2,82.1454,0,1822,成功
/pub/data/jiafq/iscas/Parser_Comparison/../benchmarks/part85/non-incremental/QF_NRA/UltimateAutomizer/InVarSynth_ShortCircuit-SideEffect-SwitchStatement-Safe.c_Iteration1_1.smt2,84.8303,0,1988,成功
/pub/data/jiafq/iscas/Parser_Comparison/../benchmarks/part85/non-incremental/QF_NRA/UltimateAutomizer/InVarSynth_ShortCircuit-SideEffect-SwitchStatement-Unsafe.c_Iteration1_0.smt2,63.2154,0,1542,成功
/pub/data/jiafq/iscas/Parser_Comparison/../benchmarks/part85/non-incremental/QF_NRA/UltimateAutomizer/InVarSynth_ShortCircuit-SideEffect-SwitchStatement-Unsafe.c_Iteration1_1.smt2,67.2544,0,1706,成功
/pub/data/jiafq/iscas/Parser_Comparison/../benchmarks/part85/non-incremental/QF_NRA/UltimateAutomizer/InVarSynth_ShortCircuit-SideEffect-SwitchStatement-Unsafe.c_Iteration1_2.smt2,67.1271,0,1709,成功
/pub/data/jiafq/iscas/Parser_Comparison/../benchmarks/part85/non-incremental/QF_NRA/UltimateAutomizer/InVarSynth_StructPositiveSum-Safe.c_Iteration2_0.smt2,29.7857,0,788,成功
/pub/data/jiafq/iscas/Parser_Comparison/../benchmarks/part85/non-incremental/QF_NRA/UltimateAutomizer/InVarSynth_TestIntegerDivision01.c_Iteration3_0.smt2,25.3307,248,500,成功
/pub/data/jiafq/iscas/Parser_Comparison/../benchmarks/part85/non-incremental/QF_NRA/UltimateAutomizer/InVarSynth_TestIntegerDivision01.c_Iteration4_0.smt2,32.5511,0,773,成功
/pub/data/jiafq/iscas/Parser_Comparison/../benchmarks/part85/non-incremental/QF_NRA/UltimateAutomizer/InVarSynth_TestSequentialComposition.bpl_Iteration3_0.smt2,22.2903,0,471,成功
/pub/data/jiafq/iscas/Parser_Comparison/../benchmarks/part85/non-incremental/QF_NRA/UltimateAutomizer/InVarSynth_TestSimultaneousAssignment.bpl_Iteration1_0.smt2,48.5497,0,869,成功
/pub/data/jiafq/iscas/Parser_Comparison/../benchmarks/part85/non-incremental/QF_NRA/UltimateAutomizer/InVarSynth_WaterTank2-NumberVariables.bpl_Iteration2_0.smt2,23.5473,0,489,成功
/pub/data/jiafq/iscas/Parser_Comparison/../benchmarks/part85/non-incremental/QF_NRA/UltimateAutomizer/InVarSynth_agroce_minmax.c_Iteration1_0.smt2,34.2419,0,819,成功
/pub/data/jiafq/iscas/Parser_Comparison/../benchmarks/part85/non-incremental/QF_NRA/UltimateAutomizer/InVarSynth_agroce_minmax.c_Iteration2_0.smt2,29.9858,0,722,成功
/pub/data/jiafq/iscas/Parser_Comparison/../benchmarks/part85/non-incremental/QF_NRA/UltimateAutomizer/InVarSynth_agroce_minmax.c_Iteration2_1.smt2,30.9123,0,782,成功
/pub/data/jiafq/iscas/Parser_Comparison/../benchmarks/part85/non-incremental/QF_NRA/UltimateAutomizer/InVarSynth_bugtest1.bpl_Iteration2_0.smt2,19.8829,0,315,成功
/pub/data/jiafq/iscas/Parser_Comparison/../benchmarks/part85/non-incremental/QF_NRA/UltimateAutomizer/InVarSynth_bugtest1.bpl_Iteration2_1.smt2,18.1491,0,350,成功
/pub/data/jiafq/iscas/Parser_Comparison/../benchmarks/part85/non-incremental/QF_NRA/UltimateAutomizer/InVarSynth_doubleLoopUniformIterations.bpl_Iteration2_0.smt2,20.216,0,351,成功
/pub/data/jiafq/iscas/Parser_Comparison/../benchmarks/part85/non-incremental/QF_NRA/UltimateAutomizer/InVarSynth_pcatest0.bpl_Iteration1_0.smt2,13.7353,228,261,成功
/pub/data/jiafq/iscas/Parser_Comparison/../benchmarks/part85/non-incremental/QF_NRA/UltimateAutomizer/InVarSynth_pcatest1.bpl_Iteration1_0.smt2,271.763,0,4520,成功
/pub/data/jiafq/iscas/Parser_Comparison/../benchmarks/part85/non-incremental/QF_NRA/UltimateAutomizer/InVarSynth_pcatest1.bpl_Iteration1_1.smt2,271.573,0,4522,成功
/pub/data/jiafq/iscas/Parser_Comparison/../benchmarks/part85/non-incremental/QF_NRA/UltimateAutomizer/InVarSynth_s3_srvr_1b_true-unreach-call_false-termination.cil.c_Iteration1_0.smt2,35.1813,0,895,成功
/pub/data/jiafq/iscas/Parser_Comparison/../benchmarks/part85/non-incremental/QF_NRA/UltimateAutomizer/InVarSynth_threadpooling_out2.mover.bpl_Iteration2_0.smt2,24.736,0,589,成功
/pub/data/jiafq/iscas/Parser_Comparison/../benchmarks/part85/non-incremental/QF_NRA/UltimateAutomizer/InVarSynth_threadpooling_out2.mover.bpl_Iteration2_1.smt2,33.4003,0,644,成功
/pub/data/jiafq/iscas/Parser_Comparison/../benchmarks/part85/non-incremental/QF_NRA/UltimateAutomizer/InVarSynth_threadpooling_out_Reals.bpl_Iteration1_0.smt2,36.2874,0,920,成功
/pub/data/jiafq/iscas/Parser_Comparison/../benchmarks/part85/non-incremental/QF_NRA/meti-tarski/sqrt/1mcosq/8/sqrt-1mcosq-8-chunk-0616.smt2,2.23758,0,32,成功
/pub/data/jiafq/iscas/Parser_Comparison/../benchmarks/part85/non-incremental/QF_NRA/meti-tarski/sqrt/1mcosq/8/sqrt-1mcosq-8-chunk-0617.smt2,4.66391,0,123,成功
/pub/data/jiafq/iscas/Parser_Comparison/../benchmarks/part85/non-incremental/QF_NRA/meti-tarski/sqrt/1mcosq/8/sqrt-1mcosq-8-chunk-0618.smt2,3.5002,0,96,成功
/pub/data/jiafq/iscas/Parser_Comparison/../benchmarks/part85/non-incremental/QF_NRA/meti-tarski/sqrt/1mcosq/8/sqrt-1mcosq-8-chunk-0619.smt2,6.77505,0,123,成功
/pub/data/jiafq/iscas/Parser_Comparison/../benchmarks/part85/non-incremental/QF_NRA/meti-tarski/sqrt/1mcosq/8/sqrt-1mcosq-8-chunk-0621.smt2,4.53453,0,108,成功
/pub/data/jiafq/iscas/Parser_Comparison/../benchmarks/part85/non-incremental/QF_NRA/meti-tarski/sqrt/1mcosq/8/sqrt-1mcosq-8-chunk-0622.smt2,7.18645,0,108,成功
/pub/data/jiafq/iscas/Parser_Comparison/../benchmarks/part85/non-incremental/QF_NRA/meti-tarski/sqrt/1mcosq/8/sqrt-1mcosq-8-chunk-0623.smt2,5.3042,0,62,成功
/pub/data/jiafq/iscas/Parser_Comparison/../benchmarks/part85/non-incremental/QF_NRA/meti-tarski/sqrt/1mcosq/8/sqrt-1mcosq-8-chunk-0625.smt2,6.05697,0,103,成功
/pub/data/jiafq/iscas/Parser_Comparison/../benchmarks/part85/non-incremental/QF_NRA/meti-tarski/sqrt/1mcosq/8/sqrt-1mcosq-8-chunk-0626.smt2,2.49078,0,52,成功
/pub/data/jiafq/iscas/Parser_Comparison/../benchmarks/part85/non-incremental/QF_NRA/meti-tarski/sqrt/1mcosq/8/sqrt-1mcosq-8-chunk-0627.smt2,3.79401,0,104,成功
/pub/data/jiafq/iscas/Parser_Comparison/../benchmarks/part85/non-incremental/QF_NRA/meti-tarski/sqrt/1mcosq/8/sqrt-1mcosq-8-chunk-0628.smt2,3.03016,0,60,成功
/pub/data/jiafq/iscas/Parser_Comparison/../benchmarks/part85/non-incremental/QF_NRA/meti-tarski/sqrt/1mcosq/8/sqrt-1mcosq-8-chunk-0629.smt2,3.53513,0,104,成功
/pub/data/jiafq/iscas/Parser_Comparison/../benchmarks/part85/non-incremental/QF_NRA/meti-tarski/sqrt/1mcosq/8/sqrt-1mcosq-8-chunk-0631.smt2,2.69673,0,72,成功
/pub/data/jiafq/iscas/Parser_Comparison/../benchmarks/part85/non-incremental/QF_NRA/meti-tarski/sqrt/1mcosq/8/sqrt-1mcosq-8-chunk-0632.smt2,3.79257,0,116,成功
/pub/data/jiafq/iscas/Parser_Comparison/../benchmarks/part85/non-incremental/QF_NRA/meti-tarski/sqrt/1mcosq/8/sqrt-1mcosq-8-chunk-0633.smt2,5.14326,0,118,成功
/pub/data/jiafq/iscas/Parser_Comparison/../benchmarks/part85/non-incremental/QF_NRA/meti-tarski/sqrt/1mcosq/8/sqrt-1mcosq-8-chunk-0634.smt2,4.74661,0,118,成功
/pub/data/jiafq/iscas/Parser_Comparison/../benchmarks/part85/non-incremental/QF_NRA/meti-tarski/sqrt/1mcosq/8/sqrt-1mcosq-8-chunk-0635.smt2,5.01515,0,126,成功
/pub/data/jiafq/iscas/Parser_Comparison/../benchmarks/part85/non-incremental/QF_NRA/meti-tarski/sqrt/1mcosq/8/sqrt-1mcosq-8-chunk-0636.smt2,4.4108,0,128,成功
/pub/data/jiafq/iscas/Parser_Comparison/../benchmarks/part85/non-incremental/QF_NRA/meti-tarski/sqrt/1mcosq/8/sqrt-1mcosq-8-chunk-0637.smt2,5.78446,0,82,成功
/pub/data/jiafq/iscas/Parser_Comparison/../benchmarks/part85/non-incremental/QF_NRA/meti-tarski/sqrt/1mcosq/8/sqrt-1mcosq-8-chunk-0638.smt2,5.06542,0,128,成功
/pub/data/jiafq/iscas/Parser_Comparison/../benchmarks/part85/non-incremental/QF_NRA/meti-tarski/sqrt/1mcosq/8/sqrt-1mcosq-8-chunk-0639.smt2,3.26807,0,94,成功
/pub/data/jiafq/iscas/Parser_Comparison/../benchmarks/part85/non-incremental/QF_NRA/meti-tarski/sqrt/1mcosq/8/sqrt-1mcosq-8-chunk-0640.smt2,5.5508,0,138,成功
/pub/data/jiafq/iscas/Parser_Comparison/../benchmarks/part85/non-incremental/QF_NRA/meti-tarski/sqrt/1mcosq/8/sqrt-1mcosq-8-chunk-0641.smt2,4.04096,0,139,成功
/pub/data/jiafq/iscas/Parser_Comparison/../benchmarks/part85/non-incremental/QF_NRA/meti-tarski/sqrt/1mcosq/8/sqrt-1mcosq-8-chunk-0642.smt2,3.19143,0,93,成功
/pub/data/jiafq/iscas/Parser_Comparison/../benchmarks/part85/non-incremental/QF_NRA/meti-tarski/sqrt/1mcosq/8/sqrt-1mcosq-8-chunk-0643.smt2,4.17768,0,139,成功
/pub/data/jiafq/iscas/Parser_Comparison/../benchmarks/part85/non-incremental/QF_NRA/meti-tarski/sqrt/1mcosq/8/sqrt-1mcosq-8-chunk-0644.smt2,5.15321,0,104,成功
/pub/data/jiafq/iscas/Parser_Comparison/../benchmarks/part85/non-incremental/QF_NRA/meti-tarski/sqrt/1mcosq/8/sqrt-1mcosq-8-chunk-0645.smt2,3.64788,0,104,成功
/pub/data/jiafq/iscas/Parser_Comparison/../benchmarks/part85/non-incremental/QF_NRA/meti-tarski/sqrt/1mcosq/8/sqrt-1mcosq-8-chunk-0648.smt2,3.06098,0,72,成功
/pub/data/jiafq/iscas/Parser_Comparison/../benchmarks/part85/non-incremental/QF_NRA/meti-tarski/sqrt/1mcosq/8/sqrt-1mcosq-8-chunk-0649.smt2,1.89647,0,20,成功
/pub/data/jiafq/iscas/Parser_Comparison/../benchmarks/part85/non-incremental/QF_NRA/meti-tarski/sqrt/1mcosq/8/sqrt-1mcosq-8-chunk-0650.smt2,1.86688,0,20,成功
/pub/data/jiafq/iscas/Parser_Comparison/../benchmarks/part85/non-incremental/QF_NRA/meti-tarski/sqrt/1mcosq/8/sqrt-1mcosq-8-chunk-0651.smt2,2.2109,0,33,成功
/pub/data/jiafq/iscas/Parser_Comparison/../benchmarks/part85/non-incremental/QF_NRA/meti-tarski/sqrt/1mcosq/8/sqrt-1mcosq-8-chunk-0654.smt2,2.97992,0,72,成功
/pub/data/jiafq/iscas/Parser_Comparison/../benchmarks/part85/non-incremental/QF_NRA/meti-tarski/sqrt/1mcosq/8/sqrt-1mcosq-8-chunk-0655.smt2,2.92069,0,72,成功
/pub/data/jiafq/iscas/Parser_Comparison/../benchmarks/part85/non-incremental/QF_NRA/meti-tarski/sqrt/1mcosq/8/sqrt-1mcosq-8-chunk-0656.smt2,2.54817,0,62,成功
/pub/data/jiafq/iscas/Parser_Comparison/../benchmarks/part85/non-incremental/QF_NRA/meti-tarski/sqrt/1mcosq/8/sqrt-1mcosq-8-chunk-0657.smt2,3.10894,0,62,成功
/pub/data/jiafq/iscas/Parser_Comparison/../benchmarks/part85/non-incremental/QF_NRA/meti-tarski/sqrt/1mcosq/8/sqrt-1mcosq-8-chunk-0658.smt2,3.22727,0,52,成功
/pub/data/jiafq/iscas/Parser_Comparison/../benchmarks/part85/non-incremental/QF_NRA/meti-tarski/sqrt/1mcosq/8/sqrt-1mcosq-8-chunk-0659.smt2,2.75283,0,52,成功
/pub/data/jiafq/iscas/Parser_Comparison/../benchmarks/part85/non-incremental/QF_NRA/meti-tarski/sqrt/1mcosq/8/sqrt-1mcosq-8-chunk-0660.smt2,3.81238,0,42,成功
/pub/data/jiafq/iscas/Parser_Comparison/../benchmarks/part85/non-incremental/QF_NRA/meti-tarski/sqrt/1mcosq/8/sqrt-1mcosq-8-chunk-0661.smt2,2.30439,0,42,成功
/pub/data/jiafq/iscas/Parser_Comparison/../benchmarks/part85/non-incremental/QF_NRA/meti-tarski/sqrt/1mcosq/8/sqrt-1mcosq-8-chunk-0663.smt2,5.52609,0,140,成功
/pub/data/jiafq/iscas/Parser_Comparison/../benchmarks/part85/non-incremental/QF_NRA/meti-tarski/sqrt/1mcosq/8/sqrt-1mcosq-8-chunk-0664.smt2,2.51821,0,52,成功
/pub/data/jiafq/iscas/Parser_Comparison/../benchmarks/part85/non-incremental/QF_NRA/meti-tarski/sqrt/1mcosq/8/sqrt-1mcosq-8-chunk-0665.smt2,2.2872,0,42,成功
/pub/data/jiafq/iscas/Parser_Comparison/../benchmarks/part85/non-incremental/QF_NRA/meti-tarski/sqrt/1mcosq/8/sqrt-1mcosq-8-chunk-0666.smt2,5.42415,0,142,成功
/pub/data/jiafq/iscas/Parser_Comparison/../benchmarks/part85/non-incremental/QF_NRA/meti-tarski/sqrt/1mcosq/8/sqrt-1mcosq-8-chunk-0667.smt2,7.18934,0,105,成功
/pub/data/jiafq/iscas/Parser_Comparison/../benchmarks/part85/non-incremental/QF_NRA/meti-tarski/sqrt/1mcosq/8/sqrt-1mcosq-8-chunk-0668.smt2,5.88445,0,142,成功
/pub/data/jiafq/iscas/Parser_Comparison/../benchmarks/part85/non-incremental/QF_NRA/meti-tarski/sqrt/1mcosq/8/sqrt-1mcosq-8-chunk-0670.smt2,6.41258,0,117,成功
/pub/data/jiafq/iscas/Parser_Comparison/../benchmarks/part85/non-incremental/QF_NRA/meti-tarski/sqrt/1mcosq/8/sqrt-1mcosq-8-chunk-0671.smt2,6.10752,0,117,成功
/pub/data/jiafq/iscas/Parser_Comparison/../benchmarks/part85/non-incremental/QF_NRA/meti-tarski/sqrt/1mcosq/8/sqrt-1mcosq-8-chunk-0672.smt2,4.59071,0,164,成功
/pub/data/jiafq/iscas/Parser_Comparison/../benchmarks/part85/non-incremental/QF_NRA/meti-tarski/sqrt/1mcosq/8/sqrt-1mcosq-8-chunk-0673.smt2,5.89771,0,165,成功
/pub/data/jiafq/iscas/Parser_Comparison/../benchmarks/part85/non-incremental/QF_NRA/meti-tarski/sqrt/1mcosq/8/sqrt-1mcosq-8-chunk-0674.smt2,3.93693,220,119,成功
/pub/data/jiafq/iscas/Parser_Comparison/../benchmarks/part85/non-incremental/QF_NRA/meti-tarski/sqrt/1mcosq/8/sqrt-1mcosq-8-chunk-0675.smt2,4.54027,0,165,成功
/pub/data/jiafq/iscas/Parser_Comparison/../benchmarks/part85/non-incremental/QF_NRA/meti-tarski/sqrt/1mcosq/8/sqrt-1mcosq-8-chunk-0676.smt2,3.9363,0,130,成功
/pub/data/jiafq/iscas/Parser_Comparison/../benchmarks/part85/non-incremental/QF_NRA/meti-tarski/sqrt/1mcosq/8/sqrt-1mcosq-8-chunk-0677.smt2,4.6819,0,130,成功
/pub/data/jiafq/iscas/Parser_Comparison/../benchmarks/part85/non-incremental/QF_NRA/meti-tarski/sqrt/1mcosq/8/sqrt-1mcosq-8-chunk-0678.smt2,3.08041,0,82,成功
/pub/data/jiafq/iscas/Parser_Comparison/../benchmarks/part85/non-incremental/QF_NRA/meti-tarski/sqrt/1mcosq/8/sqrt-1mcosq-8-chunk-0679.smt2,4.58637,0,145,成功
/pub/data/jiafq/iscas/Parser_Comparison/../benchmarks/part85/non-incremental/QF_NRA/meti-tarski/sqrt/1mcosq/8/sqrt-1mcosq-8-chunk-0680.smt2,2.85448,0,72,成功
/pub/data/jiafq/iscas/Parser_Comparison/../benchmarks/part85/non-incremental/QF_NRA/meti-tarski/sqrt/1mcosq/8/sqrt-1mcosq-8-chunk-0681.smt2,5.14055,0,146,成功
/pub/data/jiafq/iscas/Parser_Comparison/../benchmarks/part85/non-incremental/QF_NRA/meti-tarski/sqrt/1mcosq/8/sqrt-1mcosq-8-chunk-0682.smt2,3.31519,0,83,成功
/pub/data/jiafq/iscas/Parser_Comparison/../benchmarks/part85/non-incremental/QF_NRA/meti-tarski/sqrt/1mcosq/8/sqrt-1mcosq-8-chunk-0683.smt2,5.25365,0,146,成功
/pub/data/jiafq/iscas/Parser_Comparison/../benchmarks/part85/non-incremental/QF_NRA/meti-tarski/sqrt/1mcosq/8/sqrt-1mcosq-8-chunk-0685.smt2,3.29393,0,95,成功
/pub/data/jiafq/iscas/Parser_Comparison/../benchmarks/part85/non-incremental/QF_NRA/meti-tarski/sqrt/1mcosq/8/sqrt-1mcosq-8-chunk-0686.smt2,6.20051,0,159,成功
/pub/data/jiafq/iscas/Parser_Comparison/../benchmarks/part85/non-incremental/QF_NRA/meti-tarski/sqrt/1mcosq/8/sqrt-1mcosq-8-chunk-0687.smt2,4.82784,0,161,成功
/pub/data/jiafq/iscas/Parser_Comparison/../benchmarks/part85/non-incremental/QF_NRA/meti-tarski/sqrt/1mcosq/8/sqrt-1mcosq-8-chunk-0688.smt2,10.0998,0,161,成功
/pub/data/jiafq/iscas/Parser_Comparison/../benchmarks/part85/non-incremental/QF_NRA/meti-tarski/sqrt/1mcosq/8/sqrt-1mcosq-8-chunk-0689.smt2,4.88695,0,168,成功
/pub/data/jiafq/iscas/Parser_Comparison/../benchmarks/part85/non-incremental/QF_NRA/meti-tarski/sqrt/1mcosq/8/sqrt-1mcosq-8-chunk-0690.smt2,4.83949,0,170,成功
/pub/data/jiafq/iscas/Parser_Comparison/../benchmarks/part85/non-incremental/QF_NRA/meti-tarski/sqrt/1mcosq/8/sqrt-1mcosq-8-chunk-0691.smt2,5.28755,0,105,成功
/pub/data/jiafq/iscas/Parser_Comparison/../benchmarks/part85/non-incremental/QF_NRA/meti-tarski/sqrt/1mcosq/8/sqrt-1mcosq-8-chunk-0692.smt2,5.32111,0,170,成功
/pub/data/jiafq/iscas/Parser_Comparison/../benchmarks/part85/non-incremental/QF_NRA/meti-tarski/sqrt/1mcosq/8/sqrt-1mcosq-8-chunk-0693.smt2,5.42969,0,117,成功
/pub/data/jiafq/iscas/Parser_Comparison/../benchmarks/part85/non-incremental/QF_NRA/meti-tarski/sqrt/1mcosq/8/sqrt-1mcosq-8-chunk-0694.smt2,10.3275,0,184,成功
/pub/data/jiafq/iscas/Parser_Comparison/../benchmarks/part85/non-incremental/QF_NRA/meti-tarski/sqrt/1mcosq/8/sqrt-1mcosq-8-chunk-0695.smt2,5.74158,0,185,成功
/pub/data/jiafq/iscas/Parser_Comparison/../benchmarks/part85/non-incremental/QF_NRA/meti-tarski/sqrt/1mcosq/8/sqrt-1mcosq-8-chunk-0696.smt2,6.62553,0,119,成功
/pub/data/jiafq/iscas/Parser_Comparison/../benchmarks/part85/non-incremental/QF_NRA/meti-tarski/sqrt/1mcosq/8/sqrt-1mcosq-8-chunk-0697.smt2,5.06702,0,185,成功
/pub/data/jiafq/iscas/Parser_Comparison/../benchmarks/part85/non-incremental/QF_NRA/meti-tarski/sqrt/1mcosq/8/sqrt-1mcosq-8-chunk-0698.smt2,4.76668,0,130,成功
/pub/data/jiafq/iscas/Parser_Comparison/../benchmarks/part85/non-incremental/QF_NRA/meti-tarski/sqrt/1mcosq/8/sqrt-1mcosq-8-chunk-0699.smt2,4.43136,0,42,成功
/pub/data/jiafq/iscas/Parser_Comparison/../benchmarks/part85/non-incremental/QF_NRA/meti-tarski/sqrt/1mcosq/8/sqrt-1mcosq-8-chunk-0700.smt2,2.81274,0,44,成功
/pub/data/jiafq/iscas/Parser_Comparison/../benchmarks/part85/non-incremental/QF_NRA/meti-tarski/sqrt/1mcosq/8/sqrt-1mcosq-8-chunk-0701.smt2,4.39425,0,32,成功
/pub/data/jiafq/iscas/Parser_Comparison/../benchmarks/part85/non-incremental/QF_NRA/meti-tarski/sqrt/1mcosq/8/sqrt-1mcosq-8-chunk-0702.smt2,3.85599,0,57,成功
/pub/data/jiafq/iscas/Parser_Comparison/../benchmarks/part85/non-incremental/QF_NRA/meti-tarski/sqrt/1mcosq/8/sqrt-1mcosq-8-chunk-0703.smt2,3.90547,0,30,成功
/pub/data/jiafq/iscas/Parser_Comparison/../benchmarks/part85/non-incremental/QF_NRA/meti-tarski/sqrt/1mcosq/8/sqrt-1mcosq-8-chunk-0704.smt2,3.50698,0,57,成功
/pub/data/jiafq/iscas/Parser_Comparison/../benchmarks/part85/non-incremental/QF_NRA/meti-tarski/sqrt/1mcosq/8/sqrt-1mcosq-8-chunk-0705.smt2,2.88865,224,47,成功
/pub/data/jiafq/iscas/Parser_Comparison/../benchmarks/part85/non-incremental/QF_NRA/meti-tarski/sqrt/1mcosq/8/sqrt-1mcosq-8-chunk-0706.smt2,2.53157,0,58,成功
/pub/data/jiafq/iscas/Parser_Comparison/../benchmarks/part85/non-incremental/QF_NRA/meti-tarski/sqrt/1mcosq/8/sqrt-1mcosq-8-chunk-0708.smt2,2.50396,0,58,成功
/pub/data/jiafq/iscas/Parser_Comparison/../benchmarks/part85/non-incremental/QF_NRA/meti-tarski/sqrt/1mcosq/8/sqrt-1mcosq-8-chunk-0712.smt2,3.04806,0,58,成功
/pub/data/jiafq/iscas/Parser_Comparison/../benchmarks/part85/non-incremental/QF_NRA/meti-tarski/sqrt/1mcosq/8/sqrt-1mcosq-8-chunk-0713.smt2,2.99217,0,47,成功
/pub/data/jiafq/iscas/Parser_Comparison/../benchmarks/part85/non-incremental/QF_NRA/meti-tarski/sqrt/1mcosq/8/sqrt-1mcosq-8-chunk-0714.smt2,2.69075,0,62,成功
/pub/data/jiafq/iscas/Parser_Comparison/../benchmarks/part85/non-incremental/QF_NRA/meti-tarski/sqrt/1mcosq/8/sqrt-1mcosq-8-chunk-0717.smt2,4.23145,0,49,成功
/pub/data/jiafq/iscas/Parser_Comparison/../benchmarks/part85/non-incremental/QF_NRA/meti-tarski/sqrt/1mcosq/8/sqrt-1mcosq-8-chunk-0718.smt2,2.70486,0,60,成功
/pub/data/jiafq/iscas/Parser_Comparison/../benchmarks/part85/non-incremental/QF_NRA/meti-tarski/sqrt/1mcosq/8/sqrt-1mcosq-8-chunk-0721.smt2,2.49261,0,42,成功
/pub/data/jiafq/iscas/Parser_Comparison/../benchmarks/part85/non-incremental/QF_NRA/meti-tarski/sqrt/1mcosq/8/sqrt-1mcosq-8-chunk-0722.smt2,2.13675,0,30,成功
/pub/data/jiafq/iscas/Parser_Comparison/../benchmarks/part85/non-incremental/QF_NRA/meti-tarski/sqrt/1mcosq/8/sqrt-1mcosq-8-chunk-0723.smt2,2.50464,0,42,成功
/pub/data/jiafq/iscas/Parser_Comparison/../benchmarks/part85/non-incremental/QF_NRA/meti-tarski/sqrt/1mcosq/8/sqrt-1mcosq-8-chunk-0724.smt2,4.04382,0,63,成功
/pub/data/jiafq/iscas/Parser_Comparison/../benchmarks/part85/non-incremental/QF_NRA/meti-tarski/sqrt/1mcosq/8/sqrt-1mcosq-8-chunk-0725.smt2,3.9819,0,75,成功
/pub/data/jiafq/iscas/Parser_Comparison/../benchmarks/part85/non-incremental/QF_NRA/meti-tarski/sqrt/1mcosq/8/sqrt-1mcosq-8-chunk-0726.smt2,2.57105,0,58,成功
/pub/data/jiafq/iscas/Parser_Comparison/../benchmarks/part85/non-incremental/QF_NRA/meti-tarski/sqrt/1mcosq/8/sqrt-1mcosq-8-chunk-0727.smt2,2.23147,0,35,成功
/pub/data/jiafq/iscas/Parser_Comparison/../benchmarks/part85/non-incremental/QF_NRA/meti-tarski/sqrt/1mcosq/8/sqrt-1mcosq-8-chunk-0728.smt2,2.13263,0,34,成功
/pub/data/jiafq/iscas/Parser_Comparison/../benchmarks/part85/non-incremental/QF_NRA/meti-tarski/sqrt/1mcosq/8/sqrt-1mcosq-8-chunk-0729.smt2,4.21115,0,44,成功
/pub/data/jiafq/iscas/Parser_Comparison/../benchmarks/part85/non-incremental/QF_NRA/meti-tarski/sqrt/1mcosq/8/sqrt-1mcosq-8-chunk-0730.smt2,2.82975,0,67,成功
/pub/data/jiafq/iscas/Parser_Comparison/../benchmarks/part85/non-incremental/QF_NRA/meti-tarski/sqrt/1mcosq/8/sqrt-1mcosq-8-chunk-0731.smt2,3.66567,0,23,成功
/pub/data/jiafq/iscas/Parser_Comparison/../benchmarks/part85/non-incremental/QF_NRA/meti-tarski/sqrt/1mcosq/8/sqrt-1mcosq-8-chunk-0732.smt2,2.78555,0,40,成功
/pub/data/jiafq/iscas/Parser_Comparison/../benchmarks/part85/non-incremental/QF_NRA/meti-tarski/sqrt/1mcosq/8/sqrt-1mcosq-8-chunk-0733.smt2,1.79518,0,23,成功
/pub/data/jiafq/iscas/Parser_Comparison/../benchmarks/part85/non-incremental/QF_NRA/meti-tarski/sqrt/1mcosq/8/sqrt-1mcosq-8-chunk-0734.smt2,2.40057,0,40,成功
/pub/data/jiafq/iscas/Parser_Comparison/../benchmarks/part85/non-incremental/QF_NRA/meti-tarski/sqrt/1mcosq/8/sqrt-1mcosq-8-chunk-0736.smt2,4.04179,0,35,成功
/pub/data/jiafq/iscas/Parser_Comparison/../benchmarks/part85/non-incremental/QF_NRA/meti-tarski/sqrt/1mcosq/8/sqrt-1mcosq-8-chunk-0737.smt2,2.7754,0,59,成功
/pub/data/jiafq/iscas/Parser_Comparison/../benchmarks/part85/non-incremental/QF_NRA/meti-tarski/sqrt/1mcosq/8/sqrt-1mcosq-8-chunk-0738.smt2,6.98734,0,70,成功
/pub/data/jiafq/iscas/Parser_Comparison/../benchmarks/part85/non-incremental/QF_NRA/meti-tarski/sqrt/circles/2/sqrt-circles-2-chunk-0002.smt2,1.8633,0,13,成功
/pub/data/jiafq/iscas/Parser_Comparison/../benchmarks/part85/non-incremental/QF_NRA/meti-tarski/sqrt/circles/2/sqrt-circles-2-chunk-0005.smt2,1.63362,0,13,成功
/pub/data/jiafq/iscas/Parser_Comparison/../benchmarks/part85/non-incremental/QF_NRA/meti-tarski/sqrt/circles/2/sqrt-circles-2-chunk-0006.smt2,2.27618,216,19,成功
/pub/data/jiafq/iscas/Parser_Comparison/../benchmarks/part85/non-incremental/QF_NRA/meti-tarski/sqrt/circles/2/sqrt-circles-2-chunk-0007.smt2,2.5124,0,41,成功
/pub/data/jiafq/iscas/Parser_Comparison/../benchmarks/part85/non-incremental/QF_NRA/meti-tarski/sqrt/circles/2/sqrt-circles-2-chunk-0008.smt2,1.85589,0,17,成功
/pub/data/jiafq/iscas/Parser_Comparison/../benchmarks/part85/non-incremental/QF_NRA/meti-tarski/sqrt/circles/2/sqrt-circles-2-chunk-0010.smt2,3.1633,0,29,成功
/pub/data/jiafq/iscas/Parser_Comparison/../benchmarks/part85/non-incremental/QF_NRA/meti-tarski/sqrt/circles/2/sqrt-circles-2-chunk-0011.smt2,3.98644,0,29,成功
/pub/data/jiafq/iscas/Parser_Comparison/../benchmarks/part85/non-incremental/QF_NRA/meti-tarski/sqrt/circles/2/sqrt-circles-2-chunk-0012.smt2,4.12502,0,28,成功
/pub/data/jiafq/iscas/Parser_Comparison/../benchmarks/part85/non-incremental/QF_NRA/meti-tarski/sqrt/circles/2/sqrt-circles-2-chunk-0013.smt2,4.7748,0,38,成功
/pub/data/jiafq/iscas/Parser_Comparison/../benchmarks/part85/non-incremental/QF_NRA/meti-tarski/sqrt/circles/2/sqrt-circles-2-chunk-0014.smt2,2.39221,0,21,成功
/pub/data/jiafq/iscas/Parser_Comparison/../benchmarks/part85/non-incremental/QF_NRA/meti-tarski/sqrt/circles/2/sqrt-circles-2-chunk-0015.smt2,3.10811,0,31,成功
/pub/data/jiafq/iscas/Parser_Comparison/../benchmarks/part85/non-incremental/QF_NRA/meti-tarski/sqrt/circles/3/sqrt-circles-3-chunk-0005.smt2,2.23173,0,17,成功
/pub/data/jiafq/iscas/Parser_Comparison/../benchmarks/part85/non-incremental/QF_NRA/meti-tarski/sqrt/circles/3/sqrt-circles-3-chunk-0007.smt2,1.88455,0,11,成功
/pub/data/jiafq/iscas/Parser_Comparison/../benchmarks/part85/non-incremental/QF_NRA/meti-tarski/sqrt/circles/3/sqrt-circles-3-chunk-0008.smt2,1.81869,0,17,成功
/pub/data/jiafq/iscas/Parser_Comparison/../benchmarks/part85/non-incremental/QF_NRA/meti-tarski/sqrt/circles/3/sqrt-circles-3-chunk-0009.smt2,2.13065,0,29,成功
/pub/data/jiafq/iscas/Parser_Comparison/../benchmarks/part85/non-incremental/QF_NRA/meti-tarski/sqrt/circles/3/sqrt-circles-3-chunk-0010.smt2,2.96396,0,56,成功
/pub/data/jiafq/iscas/Parser_Comparison/../benchmarks/part85/non-incremental/QF_NRA/meti-tarski/sqrt/circles/3/sqrt-circles-3-chunk-0011.smt2,2.24064,0,20,成功
/pub/data/jiafq/iscas/Parser_Comparison/../benchmarks/part85/non-incremental/QF_NRA/meti-tarski/sqrt/circles/3/sqrt-circles-3-chunk-0013.smt2,2.54845,0,42,成功
/pub/data/jiafq/iscas/Parser_Comparison/../benchmarks/part85/non-incremental/QF_NRA/meti-tarski/sqrt/circles/3/sqrt-circles-3-chunk-0014.smt2,2.40701,0,42,成功
/pub/data/jiafq/iscas/Parser_Comparison/../benchmarks/part85/non-incremental/QF_NRA/meti-tarski/sqrt/circles/3/sqrt-circles-3-chunk-0015.smt2,3.26564,0,45,成功
/pub/data/jiafq/iscas/Parser_Comparison/../benchmarks/part85/non-incremental/QF_NRA/meti-tarski/sqrt/circles/3/sqrt-circles-3-chunk-0016.smt2,4.09736,0,61,成功
/pub/data/jiafq/iscas/Parser_Comparison/../benchmarks/part85/non-incremental/QF_NRA/meti-tarski/sqrt/circles/3/sqrt-circles-3-chunk-0017.smt2,5.69411,0,61,成功
/pub/data/jiafq/iscas/Parser_Comparison/../benchmarks/part85/non-incremental/QF_NRA/meti-tarski/sqrt/circles/3/sqrt-circles-3-chunk-0018.smt2,2.76481,0,49,成功
/pub/data/jiafq/iscas/Parser_Comparison/../benchmarks/part85/non-incremental/QF_NRA/meti-tarski/sqrt/circles/3/sqrt-circles-3-chunk-0019.smt2,4.13048,0,52,成功
/pub/data/jiafq/iscas/Parser_Comparison/../benchmarks/part85/non-incremental/QF_NRA/meti-tarski/sqrt/circles/3/sqrt-circles-3-chunk-0020.smt2,5.04617,0,40,成功
/pub/data/jiafq/iscas/Parser_Comparison/../benchmarks/part85/non-incremental/QF_NRA/meti-tarski/sqrt/circles/3/sqrt-circles-3-chunk-0021.smt2,5.67786,0,52,成功
/pub/data/jiafq/iscas/Parser_Comparison/../benchmarks/part85/non-incremental/QF_NRA/meti-tarski/sqrt/circles/3/sqrt-circles-3-chunk-0022.smt2,2.52251,0,39,成功
/pub/data/jiafq/iscas/Parser_Comparison/../benchmarks/part85/non-incremental/QF_NRA/meti-tarski/sqrt/circles/3/sqrt-circles-3-chunk-0023.smt2,3.53216,0,50,成功
/pub/data/jiafq/iscas/Parser_Comparison/../benchmarks/part85/non-incremental/QF_NRA/meti-tarski/sqrt/circles/3/sqrt-circles-3-chunk-0024.smt2,2.59904,0,31,成功
/pub/data/jiafq/iscas/Parser_Comparison/../benchmarks/part85/non-incremental/QF_NRA/meti-tarski/sqrt/circles/3/sqrt-circles-3-chunk-0025.smt2,2.90756,0,44,成功
/pub/data/jiafq/iscas/Parser_Comparison/../benchmarks/part85/non-incremental/QF_NRA/meti-tarski/sqrt/problem/12vars3/sqrt-problem-12vars3-chunk-0010.smt2,1.67577,0,17,成功
/pub/data/jiafq/iscas/Parser_Comparison/../benchmarks/part85/non-incremental/QF_NRA/meti-tarski/sqrt/problem/12vars3/sqrt-problem-12vars3-chunk-0012.smt2,2.16318,0,17,成功
/pub/data/jiafq/iscas/Parser_Comparison/../benchmarks/part85/non-incremental/QF_NRA/meti-tarski/sqrt/problem/12vars3/sqrt-problem-12vars3-chunk-0013.smt2,3.38151,0,22,成功
/pub/data/jiafq/iscas/Parser_Comparison/../benchmarks/part85/non-incremental/QF_NRA/meti-tarski/sqrt/problem/12vars3/sqrt-problem-12vars3-chunk-0015.smt2,3.61815,0,22,成功
/pub/data/jiafq/iscas/Parser_Comparison/../benchmarks/part85/non-incremental/QF_NRA/meti-tarski/sqrt/problem/12vars3/sqrt-problem-12vars3-chunk-0016.smt2,1.87276,0,27,成功
/pub/data/jiafq/iscas/Parser_Comparison/../benchmarks/part85/non-incremental/QF_NRA/meti-tarski/sqrt/problem/12vars3/sqrt-problem-12vars3-chunk-0017.smt2,3.12361,0,27,成功
/pub/data/jiafq/iscas/Parser_Comparison/../benchmarks/part85/non-incremental/QF_NRA/meti-tarski/sqrt/problem/12vars3/sqrt-problem-12vars3-chunk-0019.smt2,3.00381,0,27,成功
/pub/data/jiafq/iscas/Parser_Comparison/../benchmarks/part85/non-incremental/QF_NRA/meti-tarski/sqrt/problem/12vars3/sqrt-problem-12vars3-chunk-0020.smt2,2.45202,0,32,成功
/pub/data/jiafq/iscas/Parser_Comparison/../benchmarks/part85/non-incremental/QF_NRA/meti-tarski/sqrt/problem/12vars3/sqrt-problem-12vars3-chunk-0022.smt2,2.1483,244,32,成功
/pub/data/jiafq/iscas/Parser_Comparison/../benchmarks/part85/non-incremental/QF_NRA/meti-tarski/sqrt/problem/12vars3/sqrt-problem-12vars3-chunk-0023.smt2,1.99438,0,29,成功
/pub/data/jiafq/iscas/Parser_Comparison/../benchmarks/part85/non-incremental/QF_NRA/meti-tarski/sqrt/problem/12vars3/sqrt-problem-12vars3-chunk-0025.smt2,2.59436,0,29,成功
/pub/data/jiafq/iscas/Parser_Comparison/../benchmarks/part85/non-incremental/QF_NRA/meti-tarski/sqrt/problem/12vars3/sqrt-problem-12vars3-chunk-0027.smt2,2.0435,0,30,成功
/pub/data/jiafq/iscas/Parser_Comparison/../benchmarks/part85/non-incremental/QF_NRA/meti-tarski/sqrt/problem/12vars3/sqrt-problem-12vars3-chunk-0029.smt2,2.5552,0,25,成功
/pub/data/jiafq/iscas/Parser_Comparison/../benchmarks/part85/non-incremental/QF_NRA/meti-tarski/sqrt/problem/12vars3/sqrt-problem-12vars3-chunk-0030.smt2,2.95818,0,27,成功
/pub/data/jiafq/iscas/Parser_Comparison/../benchmarks/part85/non-incremental/QF_NRA/meti-tarski/sqrt/problem/12vars3/sqrt-problem-12vars3-chunk-0032.smt2,2.40227,0,32,成功
/pub/data/jiafq/iscas/Parser_Comparison/../benchmarks/part85/non-incremental/QF_NRA/meti-tarski/sqrt/problem/12vars3/sqrt-problem-12vars3-chunk-0033.smt2,4.32578,0,32,成功
/pub/data/jiafq/iscas/Parser_Comparison/../benchmarks/part85/non-incremental/QF_NRA/meti-tarski/sqrt/problem/12vars3/sqrt-problem-12vars3-chunk-0035.smt2,2.41789,0,29,成功
/pub/data/jiafq/iscas/Parser_Comparison/../benchmarks/part85/non-incremental/QF_NRA/meti-tarski/sqrt/problem/12vars3/sqrt-problem-12vars3-chunk-0036.smt2,3.31316,0,29,成功
/pub/data/jiafq/iscas/Parser_Comparison/../benchmarks/part85/non-incremental/QF_NRA/meti-tarski/sqrt/problem/12vars3/sqrt-problem-12vars3-chunk-0037.smt2,2.42508,0,24,成功
/pub/data/jiafq/iscas/Parser_Comparison/../benchmarks/part85/non-incremental/QF_NRA/meti-tarski/sqrt/problem/12vars3/sqrt-problem-12vars3-chunk-0038.smt2,2.59511,0,24,成功
/pub/data/jiafq/iscas/Parser_Comparison/../benchmarks/part85/non-incremental/QF_NRA/meti-tarski/sqrt/problem/12vars3/sqrt-problem-12vars3-chunk-0039.smt2,2.26255,0,39,成功
/pub/data/jiafq/iscas/Parser_Comparison/../benchmarks/part85/non-incremental/QF_NRA/meti-tarski/sqrt/problem/12vars3/sqrt-problem-12vars3-chunk-0041.smt2,2.03355,0,26,成功
/pub/data/jiafq/iscas/Parser_Comparison/../benchmarks/part85/non-incremental/QF_NRA/meti-tarski/sqrt/problem/12vars3/sqrt-problem-12vars3-chunk-0043.smt2,2.07075,0,24,成功
/pub/data/jiafq/iscas/Parser_Comparison/../benchmarks/part85/non-incremental/QF_NRA/meti-tarski/sqrt/problem/12vars3/sqrt-problem-12vars3-chunk-0047.smt2,2.2923,0,45,成功
/pub/data/jiafq/iscas/Parser_Comparison/../benchmarks/part85/non-incremental/QF_NRA/meti-tarski/sqrt/problem/12vars3/sqrt-problem-12vars3-chunk-0048.smt2,2.29944,0,45,成功
/pub/data/jiafq/iscas/Parser_Comparison/../benchmarks/part85/non-incremental/QF_NRA/meti-tarski/sqrt/problem/12vars3/sqrt-problem-12vars3-chunk-0049.smt2,1.92688,0,26,成功
/pub/data/jiafq/iscas/Parser_Comparison/../benchmarks/part85/non-incremental/QF_NRA/meti-tarski/sqrt/problem/12vars3/sqrt-problem-12vars3-chunk-0050.smt2,2.41874,0,45,成功
/pub/data/jiafq/iscas/Parser_Comparison/../benchmarks/part85/non-incremental/QF_NRA/meti-tarski/sqrt/problem/12vars3/sqrt-problem-12vars3-chunk-0052.smt2,2.25504,0,24,成功
/pub/data/jiafq/iscas/Parser_Comparison/../benchmarks/part85/non-incremental/QF_NRA/meti-tarski/sqrt/problem/12vars3/sqrt-problem-12vars3-chunk-0053.smt2,2.41133,0,43,成功
/pub/data/jiafq/iscas/Parser_Comparison/../benchmarks/part85/non-incremental/QF_NRA/meti-tarski/sqrt/problem/12vars3/sqrt-problem-12vars3-chunk-0054.smt2,2.63184,0,43,成功
/pub/data/jiafq/iscas/Parser_Comparison/../benchmarks/part85/non-incremental/QF_NRA/meti-tarski/sqrt/problem/12vars3/sqrt-problem-12vars3-chunk-0055.smt2,3.39906,0,53,成功
/pub/data/jiafq/iscas/Parser_Comparison/../benchmarks/part85/non-incremental/QF_NRA/meti-tarski/sqrt/problem/12vars3/sqrt-problem-12vars3-chunk-0056.smt2,3.19442,0,50,成功
/pub/data/jiafq/iscas/Parser_Comparison/../benchmarks/part85/non-incremental/QF_NRA/meti-tarski/sqrt/problem/12vars3/sqrt-problem-12vars3-chunk-0057.smt2,2.32706,0,45,成功
/pub/data/jiafq/iscas/Parser_Comparison/../benchmarks/part85/non-incremental/QF_NRA/meti-tarski/sqrt/problem/12vars3/sqrt-problem-12vars3-chunk-0058.smt2,2.4045,0,47,成功
/pub/data/jiafq/iscas/Parser_Comparison/../benchmarks/part85/non-incremental/QF_NRA/meti-tarski/sqrt/problem/12vars3/sqrt-problem-12vars3-chunk-0059.smt2,2.3786,0,48,成功
/pub/data/jiafq/iscas/Parser_Comparison/../benchmarks/part85/non-incremental/QF_NRA/meti-tarski/sqrt/problem/12vars3/sqrt-problem-12vars3-chunk-0061.smt2,3.02597,0,68,成功
/pub/data/jiafq/iscas/Parser_Comparison/../benchmarks/part85/non-incremental/QF_NRA/meti-tarski/sqrt/problem/12vars3/sqrt-problem-12vars3-chunk-0063.smt2,3.00975,0,75,成功
/pub/data/jiafq/iscas/Parser_Comparison/../benchmarks/part85/non-incremental/QF_NRA/meti-tarski/sqrt/problem/12vars3/sqrt-problem-12vars3-chunk-0064.smt2,2.4249,0,33,成功
/pub/data/jiafq/iscas/Parser_Comparison/../benchmarks/part85/non-incremental/QF_NRA/meti-tarski/sqrt/problem/12vars3/sqrt-problem-12vars3-chunk-0065.smt2,5.88467,0,75,成功
/pub/data/jiafq/iscas/Parser_Comparison/../benchmarks/part85/non-incremental/QF_NRA/meti-tarski/sqrt/problem/12vars3/sqrt-problem-12vars3-chunk-0067.smt2,4.11223,0,47,成功
/pub/data/jiafq/iscas/Parser_Comparison/../benchmarks/part85/non-incremental/QF_NRA/meti-tarski/sqrt/problem/12vars3/sqrt-problem-12vars3-chunk-0068.smt2,5.8435,0,70,成功
/pub/data/jiafq/iscas/Parser_Comparison/../benchmarks/part85/non-incremental/QF_NRA/meti-tarski/sqrt/problem/12vars3/sqrt-problem-12vars3-chunk-0069.smt2,6.07193,0,70,成功
/pub/data/jiafq/iscas/Parser_Comparison/../benchmarks/part85/non-incremental/QF_NRA/meti-tarski/sqrt/problem/12vars3/sqrt-problem-12vars3-chunk-0070.smt2,3.43869,0,88,成功
/pub/data/jiafq/iscas/Parser_Comparison/../benchmarks/part85/non-incremental/QF_NRA/meti-tarski/sqrt/problem/12vars3/sqrt-problem-12vars3-chunk-0071.smt2,2.99614,0,72,成功
/pub/data/jiafq/iscas/Parser_Comparison/../benchmarks/part85/non-incremental/QF_NRA/meti-tarski/sqrt/problem/12vars3/sqrt-problem-12vars3-chunk-0072.smt2,3.91049,0,74,成功
/pub/data/jiafq/iscas/Parser_Comparison/../benchmarks/part85/non-incremental/QF_NRA/meti-tarski/sqrt/problem/12vars3/sqrt-problem-12vars3-chunk-0073.smt2,4.39734,224,75,成功
/pub/data/jiafq/iscas/Parser_Comparison/../benchmarks/part85/non-incremental/QF_NRA/meti-tarski/sqrt/problem/12vars3/sqrt-problem-12vars3-chunk-0075.smt2,2.93553,0,72,成功
/pub/data/jiafq/iscas/Parser_Comparison/../benchmarks/part85/non-incremental/QF_NRA/meti-tarski/sqrt/problem/12vars3/sqrt-problem-12vars3-chunk-0076.smt2,3.21363,0,73,成功
/pub/data/jiafq/iscas/Parser_Comparison/../benchmarks/part85/non-incremental/QF_NRA/meti-tarski/sqrt/problem/12vars3/sqrt-problem-12vars3-chunk-0078.smt2,3.68619,0,99,成功
/pub/data/jiafq/iscas/Parser_Comparison/../benchmarks/part85/non-incremental/QF_NRA/meti-tarski/sqrt/problem/12vars3/sqrt-problem-12vars3-chunk-0079.smt2,4.33663,0,81,成功
/pub/data/jiafq/iscas/Parser_Comparison/../benchmarks/part85/non-incremental/QF_NRA/meti-tarski/sqrt/problem/12vars3/sqrt-problem-12vars3-chunk-0081.smt2,4.70196,0,100,成功
/pub/data/jiafq/iscas/Parser_Comparison/../benchmarks/part85/non-incremental/QF_NRA/meti-tarski/sqrt/problem/12vars3/sqrt-problem-12vars3-chunk-0082.smt2,4.71502,0,100,成功
/pub/data/jiafq/iscas/Parser_Comparison/../benchmarks/part85/non-incremental/QF_NRA/meti-tarski/sqrt/problem/12vars3/sqrt-problem-12vars3-chunk-0085.smt2,3.44847,0,81,成功
/pub/data/jiafq/iscas/Parser_Comparison/../benchmarks/part85/non-incremental/QF_NRA/meti-tarski/sqrt/problem/12vars3/sqrt-problem-12vars3-chunk-0087.smt2,4.62952,0,88,成功
/pub/data/jiafq/iscas/Parser_Comparison/../benchmarks/part85/non-incremental/QF_NRA/meti-tarski/sqrt/problem/12vars3/sqrt-problem-12vars3-chunk-0088.smt2,3.78544,0,88,成功
/pub/data/jiafq/iscas/Parser_Comparison/../benchmarks/part85/non-incremental/QF_NRA/meti-tarski/sqrt/problem/12vars3/sqrt-problem-12vars3-chunk-0089.smt2,3.59815,0,99,成功
/pub/data/jiafq/iscas/Parser_Comparison/../benchmarks/part85/non-incremental/QF_NRA/meti-tarski/sqrt/problem/12vars3/sqrt-problem-12vars3-chunk-0091.smt2,6.16272,0,100,成功
/pub/data/jiafq/iscas/Parser_Comparison/../benchmarks/part85/non-incremental/QF_NRA/meti-tarski/sqrt/problem/12vars3/sqrt-problem-12vars3-chunk-0093.smt2,3.65755,0,100,成功
/pub/data/jiafq/iscas/Parser_Comparison/../benchmarks/part85/non-incremental/QF_NRA/meti-tarski/sqrt/problem/12vars3/sqrt-problem-12vars3-chunk-0094.smt2,3.58822,0,88,成功
/pub/data/jiafq/iscas/Parser_Comparison/../benchmarks/part85/non-incremental/QF_NRA/meti-tarski/sqrt/problem/12vars3/sqrt-problem-12vars3-chunk-0095.smt2,7.04434,0,88,成功
/pub/data/jiafq/iscas/Parser_Comparison/../benchmarks/part85/non-incremental/QF_NRA/meti-tarski/sqrt/problem/12vars3/sqrt-problem-12vars3-chunk-0097.smt2,2.89139,0,73,成功
/pub/data/jiafq/iscas/Parser_Comparison/../benchmarks/part85/non-incremental/QF_NRA/meti-tarski/sqrt/problem/12vars3/sqrt-problem-12vars3-chunk-0098.smt2,2.95499,0,73,成功
/pub/data/jiafq/iscas/Parser_Comparison/../benchmarks/part85/non-incremental/QF_NRA/meti-tarski/sqrt/problem/12vars3/sqrt-problem-12vars3-chunk-0099.smt2,6.85902,0,87,成功
/pub/data/jiafq/iscas/Parser_Comparison/../benchmarks/part85/non-incremental/QF_NRA/meti-tarski/sqrt/problem/12vars3/sqrt-problem-12vars3-chunk-0100.smt2,6.85583,0,86,成功
/pub/data/jiafq/iscas/Parser_Comparison/../benchmarks/part85/non-incremental/QF_NRA/meti-tarski/sqrt/problem/12vars3/sqrt-problem-12vars3-chunk-0102.smt2,7.23288,0,154,成功
/pub/data/jiafq/iscas/Parser_Comparison/../benchmarks/part85/non-incremental/QF_NRA/meti-tarski/sqrt/problem/12vars3/sqrt-problem-12vars3-chunk-0104.smt2,4.78565,0,154,成功
/pub/data/jiafq/iscas/Parser_Comparison/../benchmarks/part85/non-incremental/QF_NRA/meti-tarski/sqrt/problem/13/sqrt-problem-13-chunk-0013.smt2,2.07343,0,20,成功
/pub/data/jiafq/iscas/Parser_Comparison/../benchmarks/part85/non-incremental/QF_NRA/meti-tarski/sqrt/problem/13/sqrt-problem-13-chunk-0015.smt2,1.76478,0,20,成功
/pub/data/jiafq/iscas/Parser_Comparison/../benchmarks/part85/non-incremental/QF_NRA/meti-tarski/sqrt/problem/13/sqrt-problem-13-chunk-0016.smt2,2.05556,0,25,成功
/pub/data/jiafq/iscas/Parser_Comparison/../benchmarks/part85/non-incremental/QF_NRA/meti-tarski/sqrt/problem/13/sqrt-problem-13-chunk-0018.smt2,2.74027,0,25,成功
/pub/data/jiafq/iscas/Parser_Comparison/../benchmarks/part85/non-incremental/QF_NRA/meti-tarski/sqrt/problem/13/sqrt-problem-13-chunk-0019.smt2,3.15495,0,31,成功
/pub/data/jiafq/iscas/Parser_Comparison/../benchmarks/part85/non-incremental/QF_NRA/meti-tarski/sqrt/problem/13/sqrt-problem-13-chunk-0021.smt2,2.11896,0,31,成功
/pub/data/jiafq/iscas/Parser_Comparison/../benchmarks/part85/non-incremental/QF_NRA/meti-tarski/sqrt/problem/13/sqrt-problem-13-chunk-0022.smt2,2.90323,0,36,成功
/pub/data/jiafq/iscas/Parser_Comparison/../benchmarks/part85/non-incremental/QF_NRA/meti-tarski/sqrt/problem/13/sqrt-problem-13-chunk-0023.smt2,4.10326,0,34,成功
/pub/data/jiafq/iscas/Parser_Comparison/../benchmarks/part85/non-incremental/QF_NRA/meti-tarski/sqrt/problem/13/sqrt-problem-13-chunk-0024.smt2,2.94268,0,58,成功
/pub/data/jiafq/iscas/Parser_Comparison/../benchmarks/part85/non-incremental/QF_NRA/meti-tarski/sqrt/problem/13/sqrt-problem-13-chunk-0025.smt2,2.14075,0,34,成功
/pub/data/jiafq/iscas/Parser_Comparison/../benchmarks/part85/non-incremental/QF_NRA/meti-tarski/sqrt/problem/13/sqrt1/sqrt-problem-13-sqrt1-chunk-0009.smt2,1.89088,0,18,成功
/pub/data/jiafq/iscas/Parser_Comparison/../benchmarks/part85/non-incremental/QF_NRA/meti-tarski/sqrt/problem/13/sqrt1/sqrt-problem-13-sqrt1-chunk-0011.smt2,2.16467,0,18,成功
/pub/data/jiafq/iscas/Parser_Comparison/../benchmarks/part85/non-incremental/QF_NRA/meti-tarski/sqrt/problem/13/sqrt1/sqrt-problem-13-sqrt1-chunk-0012.smt2,1.8478,0,24,成功
/pub/data/jiafq/iscas/Parser_Comparison/../benchmarks/part85/non-incremental/QF_NRA/meti-tarski/sqrt/problem/13/sqrt1/sqrt-problem-13-sqrt1-chunk-0014.smt2,2.15884,0,24,成功
/pub/data/jiafq/iscas/Parser_Comparison/../benchmarks/part85/non-incremental/QF_NRA/meti-tarski/sqrt/problem/13/sqrt1/sqrt-problem-13-sqrt1-chunk-0015.smt2,2.04981,0,27,成功
/pub/data/jiafq/iscas/Parser_Comparison/../benchmarks/part85/non-incremental/QF_NRA/meti-tarski/sqrt/problem/13/sqrt1/sqrt-problem-13-sqrt1-chunk-0016.smt2,1.99031,0,27,成功
/pub/data/jiafq/iscas/Parser_Comparison/../benchmarks/part85/non-incremental/QF_NRA/meti-tarski/sqrt/problem/13/sqrt1/sqrt-problem-13-sqrt1-chunk-0018.smt2,2.49239,0,27,成功
/pub/data/jiafq/iscas/Parser_Comparison/../benchmarks/part85/non-incremental/QF_NRA/meti-tarski/sqrt/problem/13/sqrt1/sqrt-problem-13-sqrt1-chunk-0019.smt2,3.03937,0,32,成功
/pub/data/jiafq/iscas/Parser_Comparison/../benchmarks/part85/non-incremental/QF_NRA/meti-tarski/sqrt/problem/13/sqrt1/sqrt-problem-13-sqrt1-chunk-0021.smt2,2.26217,0,30,成功
/pub/data/jiafq/iscas/Parser_Comparison/../benchmarks/part85/non-incremental/QF_NRA/meti-tarski/sqrt/problem/13/sqrt1/sqrt-problem-13-sqrt1-chunk-0023.smt2,2.32025,0,30,成功
/pub/data/jiafq/iscas/Parser_Comparison/../benchmarks/part85/non-incremental/QF_NRA/meti-tarski/sqrt/problem/13/sqrt1/sqrt-problem-13-sqrt1-chunk-0024.smt2,2.37007,0,33,成功
/pub/data/jiafq/iscas/Parser_Comparison/../benchmarks/part85/non-incremental/QF_NRA/meti-tarski/sqrt/problem/13/sqrt1/sqrt-problem-13-sqrt1-chunk-0027.smt2,1.86351,0,26,成功
/pub/data/jiafq/iscas/Parser_Comparison/../benchmarks/part85/non-incremental/QF_NRA/meti-tarski/sqrt/problem/13/sqrt1/sqrt-problem-13-sqrt1-chunk-0030.smt2,1.95219,0,27,成功
/pub/data/jiafq/iscas/Parser_Comparison/../benchmarks/part85/non-incremental/QF_NRA/meti-tarski/sqrt/problem/13/sqrt1/sqrt-problem-13-sqrt1-chunk-0032.smt2,1.92088,208,27,成功
/pub/data/jiafq/iscas/Parser_Comparison/../benchmarks/part85/non-incremental/QF_NRA/meti-tarski/sqrt/problem/13/sqrt1/sqrt-problem-13-sqrt1-chunk-0034.smt2,2.21414,0,35,成功
/pub/data/jiafq/iscas/Parser_Comparison/../benchmarks/part85/non-incremental/QF_NRA/meti-tarski/sqrt/problem/13/sqrt1/sqrt-problem-13-sqrt1-chunk-0035.smt2,1.9573,0,27,成功
/pub/data/jiafq/iscas/Parser_Comparison/../benchmarks/part85/non-incremental/QF_NRA/meti-tarski/sqrt/problem/13/sqrt1/sqrt-problem-13-sqrt1-chunk-0037.smt2,3.90911,220,27,成功
/pub/data/jiafq/iscas/Parser_Comparison/../benchmarks/part85/non-incremental/QF_NRA/meti-tarski/sqrt/problem/13/sqrt1/sqrt-problem-13-sqrt1-chunk-0039.smt2,2.89892,0,32,成功
/pub/data/jiafq/iscas/Parser_Comparison/../benchmarks/part85/non-incremental/QF_NRA/meti-tarski/sqrt/problem/13/sqrt1/sqrt-problem-13-sqrt1-chunk-0041.smt2,2.14681,0,30,成功
/pub/data/jiafq/iscas/Parser_Comparison/../benchmarks/part85/non-incremental/QF_NRA/meti-tarski/sqrt/problem/13/sqrt1/sqrt-problem-13-sqrt1-chunk-0042.smt2,3.95919,0,30,成功
/pub/data/jiafq/iscas/Parser_Comparison/../benchmarks/part85/non-incremental/QF_NRA/meti-tarski/sqrt/problem/13/sqrt1/sqrt-problem-13-sqrt1-chunk-0043.smt2,4.31755,0,33,成功
/pub/data/jiafq/iscas/Parser_Comparison/../benchmarks/part85/non-incremental/QF_NRA/meti-tarski/sqrt/problem/13/sqrt1/sqrt-problem-13-sqrt1-chunk-0044.smt2,2.56268,0,33,成功
/pub/data/jiafq/iscas/Parser_Comparison/../benchmarks/part85/non-incremental/QF_NRA/meti-tarski/sqrt/problem/13/sqrt1/sqrt-problem-13-sqrt1-chunk-0045.smt2,2.4369,0,48,成功
/pub/data/jiafq/iscas/Parser_Comparison/../benchmarks/part85/non-incremental/QF_NRA/meti-tarski/sqrt/problem/13/sqrt1/sqrt-problem-13-sqrt1-chunk-0047.smt2,4.07822,0,36,成功
/pub/data/jiafq/iscas/Parser_Comparison/../benchmarks/part85/non-incremental/QF_NRA/meti-tarski/sqrt/problem/13/sqrt1/sqrt-problem-13-sqrt1-chunk-0049.smt2,2.90092,0,36,成功
/pub/data/jiafq/iscas/Parser_Comparison/../benchmarks/part85/non-incremental/QF_NRA/meti-tarski/sqrt/problem/13/sqrt1/sqrt-problem-13-sqrt1-chunk-0051.smt2,2.38105,0,33,成功
/pub/data/jiafq/iscas/Parser_Comparison/../benchmarks/part85/non-incremental/QF_NRA/meti-tarski/sqrt/problem/13/sqrt1/sqrt-problem-13-sqrt1-chunk-0052.smt2,2.9554,224,56,成功
/pub/data/jiafq/iscas/Parser_Comparison/../benchmarks/part85/non-incremental/QF_NRA/meti-tarski/sqrt/problem/13/sqrt1/sqrt-problem-13-sqrt1-chunk-0053.smt2,2.2494,0,36,成功
/pub/data/jiafq/iscas/Parser_Comparison/../benchmarks/part85/non-incremental/QF_NRA/meti-tarski/sqrt/problem/13/sqrt1/sqrt-problem-13-sqrt1-chunk-0054.smt2,5.6599,0,56,成功
/pub/data/jiafq/iscas/Parser_Comparison/../benchmarks/part85/non-incremental/QF_NRA/meti-tarski/sqrt/problem/13/sqrt1/sqrt-problem-13-sqrt1-chunk-0055.smt2,5.69391,0,57,成功
/pub/data/jiafq/iscas/Parser_Comparison/../benchmarks/part85/non-incremental/QF_NRA/meti-tarski/sqrt/problem/13/sqrt1/sqrt-problem-13-sqrt1-chunk-0057.smt2,3.61513,0,33,成功
/pub/data/jiafq/iscas/Parser_Comparison/../benchmarks/part85/non-incremental/QF_NRA/meti-tarski/sqrt/problem/13/sqrt1/sqrt-problem-13-sqrt1-chunk-0058.smt2,2.64858,0,52,成功
/pub/data/jiafq/iscas/Parser_Comparison/../benchmarks/part85/non-incremental/QF_NRA/meti-tarski/sqrt/problem/13/sqrt1/sqrt-problem-13-sqrt1-chunk-0059.smt2,2.97304,0,52,成功
/pub/data/jiafq/iscas/Parser_Comparison/../benchmarks/part85/non-incremental/QF_NRA/meti-tarski/sqrt/problem/13/sqrt1/sqrt-problem-13-sqrt1-chunk-0061.smt2,4.66328,0,60,成功
/pub/data/jiafq/iscas/Parser_Comparison/../benchmarks/part85/non-incremental/QF_NRA/meti-tarski/sqrt/problem/13/sqrt1/sqrt-problem-13-sqrt1-chunk-0062.smt2,2.86029,0,58,成功
/pub/data/jiafq/iscas/Parser_Comparison/../benchmarks/part85/non-incremental/QF_NRA/meti-tarski/sqrt/problem/13/sqrt1/sqrt-problem-13-sqrt1-chunk-0065.smt2,3.04422,0,62,成功
/pub/data/jiafq/iscas/Parser_Comparison/../benchmarks/part85/non-incremental/QF_NRA/meti-tarski/sqrt/problem/13/sqrt1/sqrt-problem-13-sqrt1-chunk-0067.smt2,3.74729,232,82,成功
/pub/data/jiafq/iscas/Parser_Comparison/../benchmarks/part85/non-incremental/QF_NRA/meti-tarski/sqrt/problem/13/sqrt1/sqrt-problem-13-sqrt1-chunk-0068.smt2,4.18784,0,82,成功
/pub/data/jiafq/iscas/Parser_Comparison/../benchmarks/part85/non-incremental/QF_NRA/meti-tarski/sqrt/problem/13/sqrt1/sqrt-problem-13-sqrt1-chunk-0072.smt2,3.33631,0,76,成功
/pub/data/jiafq/iscas/Parser_Comparison/../benchmarks/part85/non-incremental/QF_NRA/meti-tarski/sqrt/problem/13/sqrt1/sqrt-problem-13-sqrt1-chunk-0073.smt2,3.2109,0,76,成功
/pub/data/jiafq/iscas/Parser_Comparison/../benchmarks/part85/non-incremental/QF_NRA/meti-tarski/sqrt/problem/13/sqrt1/sqrt-problem-13-sqrt1-chunk-0075.smt2,3.2445,0,87,成功
/pub/data/jiafq/iscas/Parser_Comparison/../benchmarks/part85/non-incremental/QF_NRA/meti-tarski/sqrt/problem/13/sqrt1/sqrt-problem-13-sqrt1-chunk-0077.smt2,5.63503,0,87,成功
/pub/data/jiafq/iscas/Parser_Comparison/../benchmarks/part85/non-incremental/QF_NRA/meti-tarski/sqrt/problem/13/sqrt1/sqrt-problem-13-sqrt1-chunk-0078.smt2,3.16044,0,78,成功
/pub/data/jiafq/iscas/Parser_Comparison/../benchmarks/part85/non-incremental/QF_NRA/meti-tarski/sqrt/problem/13/sqrt1/sqrt-problem-13-sqrt1-chunk-0079.smt2,6.28417,0,78,成功
/pub/data/jiafq/iscas/Parser_Comparison/../benchmarks/part85/non-incremental/QF_NRA/meti-tarski/sqrt/problem/13/sqrt1/sqrt-problem-13-sqrt1-chunk-0080.smt2,4.84627,0,61,成功
/pub/data/jiafq/iscas/Parser_Comparison/../benchmarks/part85/non-incremental/QF_NRA/meti-tarski/sqrt/problem/13/sqrt1/sqrt-problem-13-sqrt1-chunk-0081.smt2,2.83374,0,56,成功
/pub/data/jiafq/iscas/Parser_Comparison/../benchmarks/part85/non-incremental/QF_NRA/meti-tarski/sqrt/problem/13/sqrt1/sqrt-problem-13-sqrt1-chunk-0082.smt2,4.21544,0,134,成功
/pub/data/jiafq/iscas/Parser_Comparison/../benchmarks/part85/non-incremental/QF_NRA/meti-tarski/sqrt/problem/13/vars5/sqrt-problem-13-vars5-chunk-0015.smt2,2.17977,0,24,成功
/pub/data/jiafq/iscas/Parser_Comparison/../benchmarks/part85/non-incremental/QF_NRA/meti-tarski/sqrt/problem/13/vars5/sqrt-problem-13-vars5-chunk-0017.smt2,1.98952,0,24,成功
/pub/data/jiafq/iscas/Parser_Comparison/../benchmarks/part85/non-incremental/QF_NRA/meti-tarski/sqrt/problem/13/vars5/sqrt-problem-13-vars5-chunk-0018.smt2,1.95344,0,29,成功
/pub/data/jiafq/iscas/Parser_Comparison/../benchmarks/part85/non-incremental/QF_NRA/meti-tarski/sqrt/problem/13/vars5/sqrt-problem-13-vars5-chunk-0020.smt2,4.45957,0,29,成功
/pub/data/jiafq/iscas/Parser_Comparison/../benchmarks/part85/non-incremental/QF_NRA/meti-tarski/sqrt/problem/13/vars5/sqrt-problem-13-vars5-chunk-0021.smt2,3.17239,0,35,成功
/pub/data/jiafq/iscas/Parser_Comparison/../benchmarks/part85/non-incremental/QF_NRA/meti-tarski/sqrt/problem/13/vars5/sqrt-problem-13-vars5-chunk-0023.smt2,2.36862,0,35,成功
/pub/data/jiafq/iscas/Parser_Comparison/../benchmarks/part85/non-incremental/QF_NRA/meti-tarski/sqrt/problem/13/vars5/sqrt-problem-13-vars5-chunk-0024.smt2,2.28583,0,41,成功
/pub/data/jiafq/iscas/Parser_Comparison/../benchmarks/part85/non-incremental/QF_NRA/meti-tarski/sqrt/problem/13/vars5/sqrt-problem-13-vars5-chunk-0026.smt2,2.31599,0,41,成功
/pub/data/jiafq/iscas/Parser_Comparison/../benchmarks/part85/non-incremental/QF_NRA/meti-tarski/sqrt/problem/13/vars5/sqrt-problem-13-vars5-chunk-0027.smt2,2.42924,0,46,成功
/pub/data/jiafq/iscas/Parser_Comparison/../benchmarks/part85/non-incremental/QF_NRA/meti-tarski/sqrt/problem/13/vars5/sqrt-problem-13-vars5-chunk-0028.smt2,2.32448,0,43,成功
/pub/data/jiafq/iscas/Parser_Comparison/../benchmarks/part85/non-incremental/QF_NRA/meti-tarski/sqrt/problem/sqrt-problem-Melquiond2-chunk-0010.smt2,2.36575,0,26,成功
/pub/data/jiafq/iscas/Parser_Comparison/../benchmarks/part85/non-incremental/QF_NRA/meti-tarski/sqrt/problem/sqrt-problem-Melquiond2-chunk-0011.smt2,1.94891,224,26,成功
/pub/data/jiafq/iscas/Parser_Comparison/../benchmarks/part85/non-incremental/QF_NRA/meti-tarski/sqrt/problem/sqrt-problem-Melquiond2-chunk-0012.smt2,2.50511,0,34,成功
/pub/data/jiafq/iscas/Parser_Comparison/../benchmarks/part85/non-incremental/QF_NRA/meti-tarski/sqrt/problem/sqrt-problem-Melquiond2-chunk-0013.smt2,3.07315,0,28,成功
/pub/data/jiafq/iscas/Parser_Comparison/../benchmarks/part85/non-incremental/QF_NRA/meti-tarski/sqrt/problem/sqrt-problem-Melquiond2-chunk-0014.smt2,2.21628,0,33,成功
/pub/data/jiafq/iscas/Parser_Comparison/../benchmarks/part85/non-incremental/QF_NRA/meti-tarski/sqrt/problem/sqrt-problem-Melquiond2-chunk-0015.smt2,2.12793,0,38,成功
/pub/data/jiafq/iscas/Parser_Comparison/../benchmarks/part85/non-incremental/QF_NRA/meti-tarski/sqrt/problem/sqrt-problem-Melquiond2-chunk-0018.smt2,2.01552,0,28,成功
/pub/data/jiafq/iscas/Parser_Comparison/../benchmarks/part85/non-incremental/QF_NRA/meti-tarski/sqrt/problem/sqrt-problem-Melquiond2-chunk-0019.smt2,2.11614,0,28,成功
/pub/data/jiafq/iscas/Parser_Comparison/../benchmarks/part85/non-incremental/QF_NRA/meti-tarski/sqrt/problem/sqrt-problem-Melquiond2-chunk-0021.smt2,2.35527,0,28,成功
/pub/data/jiafq/iscas/Parser_Comparison/../benchmarks/part85/non-incremental/QF_NRA/meti-tarski/sqrt/problem/sqrt-problem-Melquiond2-chunk-0022.smt2,3.53684,0,43,成功
/pub/data/jiafq/iscas/Parser_Comparison/../benchmarks/part85/non-incremental/QF_NRA/meti-tarski/sqrt/problem/sqrt-problem-Melquiond2-chunk-0023.smt2,2.22148,0,30,成功
/pub/data/jiafq/iscas/Parser_Comparison/../benchmarks/part85/non-incremental/QF_NRA/meti-tarski/sqrt/problem/sqrt-problem-Melquiond2-chunk-0024.smt2,4.13739,0,43,成功
/pub/data/jiafq/iscas/Parser_Comparison/../benchmarks/part85/non-incremental/QF_NRA/meti-tarski/sqrt/problem/sqrt-problem-Melquiond2-chunk-0025.smt2,2.5306,0,49,成功
/pub/data/jiafq/iscas/Parser_Comparison/../benchmarks/part85/non-incremental/QF_NRA/meti-tarski/sqrt/problem/sqrt-problem-Melquiond2-chunk-0026.smt2,3.53841,0,49,成功
/pub/data/jiafq/iscas/Parser_Comparison/../benchmarks/part85/non-incremental/QF_NRA/meti-tarski/sqrt/problem/sqrt-problem-Melquiond2-chunk-0028.smt2,2.63324,0,45,成功
/pub/data/jiafq/iscas/Parser_Comparison/../benchmarks/part85/non-incremental/QF_NRA/meti-tarski/sqrt/problem/sqrt-problem-Melquiond2-chunk-0029.smt2,2.24077,0,43,成功
/pub/data/jiafq/iscas/Parser_Comparison/../benchmarks/part85/non-incremental/QF_NRA/meti-tarski/sqrt/problem/sqrt-problem-Melquiond2-chunk-0030.smt2,2.27072,0,43,成功
/pub/data/jiafq/iscas/Parser_Comparison/../benchmarks/part85/non-incremental/QF_NRA/meti-tarski/sqrt/problem/sqrt-problem-Melquiond2-chunk-0031.smt2,3.29749,0,49,成功
/pub/data/jiafq/iscas/Parser_Comparison/../benchmarks/part85/non-incremental/QF_NRA/meti-tarski/sqrt/problem/sqrt-problem-Melquiond2-chunk-0032.smt2,2.48203,0,49,成功
/pub/data/jiafq/iscas/Parser_Comparison/../benchmarks/part85/non-incremental/QF_NRA/meti-tarski/sqrt/problem/sqrt-problem-Melquiond2-chunk-0033.smt2,5.29595,0,45,成功
/pub/data/jiafq/iscas/Parser_Comparison/../benchmarks/part85/non-incremental/QF_NRA/meti-tarski/sqrt/problem/sqrt-problem-Melquiond2-chunk-0034.smt2,2.17718,0,29,成功
/pub/data/jiafq/iscas/Parser_Comparison/../benchmarks/part85/non-incremental/QF_NRA/meti-tarski/sqrt/problem/sqrt-problem-Melquiond2-chunk-0035.smt2,2.42929,224,38,成功
/pub/data/jiafq/iscas/Parser_Comparison/../benchmarks/part85/non-incremental/QF_NRA/meti-tarski/sqrt/problem/sqrt-problem-Melquiond2-chunk-0036.smt2,2.83802,0,25,成功
/pub/data/jiafq/iscas/Parser_Comparison/../benchmarks/part85/non-incremental/QF_NRA/meti-tarski/sqrt/problem/sqrt-problem-Melquiond2-chunk-0037.smt2,3.85999,0,34,成功
/pub/data/jiafq/iscas/Parser_Comparison/../benchmarks/part85/non-incremental/QF_NRA/meti-tarski/sqrt/problem/sqrt-problem-Melquiond2-chunk-0039.smt2,2.13882,0,31,成功
/pub/data/jiafq/iscas/Parser_Comparison/../benchmarks/part85/non-incremental/QF_NRA/meti-tarski/sqrt/problem/sqrt-problem-Melquiond2-chunk-0040.smt2,6.20319,0,129,成功
/pub/data/jiafq/iscas/Parser_Comparison/../benchmarks/part85/non-incremental/QF_NRA/meti-tarski/sqrt/problem/sqrt-problem-Melquiond2-chunk-0041.smt2,2.86048,0,64,成功
/pub/data/jiafq/iscas/Parser_Comparison/../benchmarks/part85/non-incremental/QF_NRA/meti-tarski/sqrt/problem/sqrt-problem-Melquiond2-chunk-0042.smt2,5.81862,0,126,成功
/pub/data/jiafq/iscas/Parser_Comparison/../benchmarks/part85/non-incremental/QF_NRA/meti-tarski/sqrt/problem/sqrt-problem-Melquiond2-chunk-0043.smt2,4.46862,0,132,成功
/pub/data/jiafq/iscas/Parser_Comparison/../benchmarks/part85/non-incremental/QF_NRA/meti-tarski/sqrt/problem/sqrt-problem-Melquiond2-chunk-0044.smt2,6.3036,0,132,成功
/pub/data/jiafq/iscas/Parser_Comparison/../benchmarks/part85/non-incremental/QF_NRA/meti-tarski/sqrt/problem/sqrt-problem-Melquiond2-chunk-0045.smt2,2.89434,0,59,成功
/pub/data/jiafq/iscas/Parser_Comparison/../benchmarks/part85/non-incremental/QF_NRA/meti-tarski/sqrt/problem/sqrt-problem-Melquiond2-chunk-0046.smt2,5.18896,232,96,成功
/pub/data/jiafq/iscas/Parser_Comparison/../benchmarks/part85/non-incremental/QF_NRA/meti-tarski/sqrt/problem/sqrt-problem-Melquiond2-chunk-0047.smt2,4.26611,0,92,成功
/pub/data/jiafq/iscas/Parser_Comparison/../benchmarks/part85/non-incremental/QF_NRA/meti-tarski/sqrt/problem/sqrt-problem-Melquiond2-chunk-0049.smt2,3.71567,0,90,成功
/pub/data/jiafq/iscas/Parser_Comparison/../benchmarks/part85/non-incremental/QF_NRA/meti-tarski/sqrt/problem/sqrt-problem-Melquiond2-chunk-0050.smt2,4.67795,0,99,成功
/pub/data/jiafq/iscas/Parser_Comparison/../benchmarks/part85/non-incremental/QF_NRA/meti-tarski/sqrt/problem/sqrt-problem-Melquiond2-chunk-0054.smt2,3.89907,0,96,成功
/pub/data/jiafq/iscas/Parser_Comparison/../benchmarks/part85/non-incremental/QF_NRA/meti-tarski/sqrt/problem/sqrt-problem-Melquiond2-chunk-0055.smt2,4.357,0,132,成功
/pub/data/jiafq/iscas/Parser_Comparison/../benchmarks/part85/non-incremental/QF_NRA/meti-tarski/sqrt/problem/sqrt-problem-Melquiond2-chunk-0056.smt2,5.11338,0,129,成功
/pub/data/jiafq/iscas/Parser_Comparison/../benchmarks/part85/non-incremental/QF_NRA/meti-tarski/sqrt/problem/sqrt-problem-Melquiond2-chunk-0057.smt2,7.31151,0,135,成功
/pub/data/jiafq/iscas/Parser_Comparison/../benchmarks/part85/non-incremental/QF_NRA/meti-tarski/sqrt/problem/sqrt-problem-Melquiond2-chunk-0058.smt2,3.03539,0,62,成功
/pub/data/jiafq/iscas/Parser_Comparison/../benchmarks/part85/non-incremental/QF_NRA/meti-tarski/sqrt/problem/sqrt-problem-Melquiond2-chunk-0059.smt2,2.14992,0,29,成功
/pub/data/jiafq/iscas/Parser_Comparison/../benchmarks/part85/non-incremental/QF_NRA/meti-tarski/sqrt/problem/sqrt-problem-Melquiond2-chunk-0060.smt2,2.0239,0,25,成功
/pub/data/jiafq/iscas/Parser_Comparison/../benchmarks/part85/non-incremental/QF_NRA/meti-tarski/sqrt/problem/sqrt-problem-Melquiond2-chunk-0063.smt2,3.83519,0,28,成功
/pub/data/jiafq/iscas/Parser_Comparison/../benchmarks/part85/non-incremental/QF_NRA/meti-tarski/sqrt/problem/sqrt-problem-Melquiond2-chunk-0064.smt2,4.21824,0,38,成功
/pub/data/jiafq/iscas/Parser_Comparison/../benchmarks/part85/non-incremental/QF_NRA/meti-tarski/sqrt/problem/sqrt-problem-Melquiond2-chunk-0065.smt2,4.01094,0,33,成功
/pub/data/jiafq/iscas/Parser_Comparison/../benchmarks/part85/non-incremental/QF_NRA/meti-tarski/sqrt/problem/sqrt-problem-Melquiond2-chunk-0066.smt2,2.7831,0,38,成功
/pub/data/jiafq/iscas/Parser_Comparison/../benchmarks/part85/non-incremental/QF_NRA/meti-tarski/sqrt/problem/sqrt-problem-Melquiond2-chunk-0067.smt2,3.28223,0,35,成功
/pub/data/jiafq/iscas/Parser_Comparison/../benchmarks/part85/non-incremental/QF_NRA/meti-tarski/sqrt/problem/sqrt-problem-Melquiond2-chunk-0068.smt2,2.44944,0,32,成功
/pub/data/jiafq/iscas/Parser_Comparison/../benchmarks/part85/non-incremental/QF_NRA/meti-tarski/sqrt/problem/sqrt-problem-Melquiond2-chunk-0069.smt2,2.4198,0,38,成功
/pub/data/jiafq/iscas/Parser_Comparison/../benchmarks/part85/non-incremental/QF_NRA/meti-tarski/sqrt/problem/sqrt-problem-Melquiond2-chunk-0070.smt2,2.16494,0,38,成功
/pub/data/jiafq/iscas/Parser_Comparison/../benchmarks/part85/non-incremental/QF_NRA/meti-tarski/sqrt/problem/sqrt-problem-Melquiond2-chunk-0071.smt2,2.52983,0,38,成功
/pub/data/jiafq/iscas/Parser_Comparison/../benchmarks/part85/non-incremental/QF_NRA/meti-tarski/sqrt/problem/sqrt-problem-Melquiond2-chunk-0072.smt2,2.30457,0,33,成功
/pub/data/jiafq/iscas/Parser_Comparison/../benchmarks/part85/non-incremental/QF_NRA/meti-tarski/sqrt/problem/sqrt-problem-Melquiond2-chunk-0073.smt2,2.22882,0,38,成功
/pub/data/jiafq/iscas/Parser_Comparison/../benchmarks/part85/non-incremental/QF_NRA/meti-tarski/sqrt/problem/sqrt-problem-Melquiond2-chunk-0074.smt2,2.80229,0,49,成功
/pub/data/jiafq/iscas/Parser_Comparison/../benchmarks/part85/non-incremental/QF_NRA/meti-tarski/sqrt/problem/sqrt-problem-Melquiond2-chunk-0075.smt2,2.88998,0,54,成功
/pub/data/jiafq/iscas/Parser_Comparison/../benchmarks/part85/non-incremental/QF_NRA/meti-tarski/sqrt/problem/sqrt-problem-Melquiond2-chunk-0076.smt2,4.54038,220,47,成功
/pub/data/jiafq/iscas/Parser_Comparison/../benchmarks/part85/non-incremental/QF_NRA/meti-tarski/sqrt/problem/sqrt-problem-Melquiond2-chunk-0077.smt2,5.40944,0,112,成功
/pub/data/jiafq/iscas/Parser_Comparison/../benchmarks/part85/non-incremental/QF_NRA/meti-tarski/sqrt/problem/sqrt-problem-Melquiond2-chunk-0078.smt2,4.40011,0,80,成功
/pub/data/jiafq/iscas/Parser_Comparison/../benchmarks/part85/non-incremental/QF_NRA/meti-tarski/sqrt/problem/sqrt-problem-Melquiond2-chunk-0079.smt2,7.27512,0,112,成功
/pub/data/jiafq/iscas/Parser_Comparison/../benchmarks/part85/non-incremental/QF_NRA/meti-tarski/sqrt/problem/sqrt-problem-Melquiond2-chunk-0080.smt2,3.41732,0,85,成功
/pub/data/jiafq/iscas/Parser_Comparison/../benchmarks/part85/non-incremental/QF_NRA/meti-tarski/sqrt/problem/sqrt-problem-Melquiond2-chunk-0081.smt2,2.79424,0,49,成功
/pub/data/jiafq/iscas/Parser_Comparison/../benchmarks/part85/non-incremental/QF_NRA/meti-tarski/sqrt/problem/sqrt-problem-Melquiond2-chunk-0082.smt2,4.16453,0,54,成功
/pub/data/jiafq/iscas/Parser_Comparison/../benchmarks/part85/non-incremental/QF_NRA/meti-tarski/sqrt/problem/sqrt-problem-Melquiond2-chunk-0083.smt2,2.71366,0,47,成功
/pub/data/jiafq/iscas/Parser_Comparison/../benchmarks/part85/non-incremental/QF_NRA/meti-tarski/sqrt/problem/sqrt-problem-Melquiond2-chunk-0084.smt2,4.98534,0,112,成功
/pub/data/jiafq/iscas/Parser_Comparison/../benchmarks/part85/non-incremental/QF_NRA/meti-tarski/sqrt/problem/sqrt-problem-Melquiond2-chunk-0085.smt2,3.71356,0,80,成功
/pub/data/jiafq/iscas/Parser_Comparison/../benchmarks/part85/non-incremental/QF_NRA/meti-tarski/sqrt/problem/sqrt-problem-Melquiond2-chunk-0086.smt2,8.02146,0,112,成功
/pub/data/jiafq/iscas/Parser_Comparison/../benchmarks/part85/non-incremental/QF_NRA/meti-tarski/sqrt/problem/sqrt-problem-Melquiond2-chunk-0087.smt2,3.14714,0,85,成功
/pub/data/jiafq/iscas/Parser_Comparison/../benchmarks/part85/non-incremental/QF_NRA/meti-tarski/sqrt/problem/sqrt-problem-Melquiond2-chunk-0088.smt2,3.45701,0,88,成功
/pub/data/jiafq/iscas/Parser_Comparison/../benchmarks/part85/non-incremental/QF_NRA/meti-tarski/sqrt/problem/sqrt-problem-Melquiond2-chunk-0089.smt2,3.17411,0,83,成功
/pub/data/jiafq/iscas/Parser_Comparison/../benchmarks/part85/non-incremental/QF_NRA/meti-tarski/sqrt/problem/sqrt-problem-Melquiond2-chunk-0090.smt2,3.4879,0,85,成功
/pub/data/jiafq/iscas/Parser_Comparison/../benchmarks/part85/non-incremental/QF_NRA/meti-tarski/sqrt/problem/sqrt-problem-Melquiond2-chunk-0091.smt2,3.80848,0,107,成功
/pub/data/jiafq/iscas/Parser_Comparison/../benchmarks/part85/non-incremental/QF_NRA/meti-tarski/sqrt/problem/sqrt-problem-Melquiond2-chunk-0092.smt2,3.88803,0,105,成功
/pub/data/jiafq/iscas/Parser_Comparison/../benchmarks/part85/non-incremental/QF_NRA/meti-tarski/sqrt/problem/sqrt-problem-Melquiond2-chunk-0093.smt2,4.45796,224,111,成功
/pub/data/jiafq/iscas/Parser_Comparison/../benchmarks/part85/non-incremental/QF_NRA/meti-tarski/sqrt/problem/sqrt-problem-Melquiond2-chunk-0094.smt2,7.96797,0,111,成功
/pub/data/jiafq/iscas/Parser_Comparison/../benchmarks/part85/non-incremental/QF_NRA/meti-tarski/sqrt/problem/sqrt-problem-Melquiond2-chunk-0095.smt2,4.59834,0,84,成功
/pub/data/jiafq/iscas/Parser_Comparison/../benchmarks/part85/non-incremental/QF_NRA/meti-tarski/sqrt/problem/sqrt-problem-Melquiond2-chunk-0096.smt2,7.24558,0,110,成功
/pub/data/jiafq/iscas/Parser_Comparison/../benchmarks/part85/non-incremental/QF_NRA/meti-tarski/sqrt/problem/sqrt-problem-Melquiond2-chunk-0097.smt2,3.95866,0,108,成功
/pub/data/jiafq/iscas/Parser_Comparison/../benchmarks/part85/non-incremental/QF_NRA/meti-tarski/sqrt/problem/sqrt-problem-Melquiond2-chunk-0098.smt2,3.9843,0,114,成功
/pub/data/jiafq/iscas/Parser_Comparison/../benchmarks/part85/non-incremental/QF_NRA/meti-tarski/sqrt/problem/sqrt-problem-Melquiond2-chunk-0099.smt2,2.66146,0,53,成功
/pub/data/jiafq/iscas/Parser_Comparison/../benchmarks/part85/non-incremental/QF_NRA/meti-tarski/sqrt/problem/sqrt-problem-Melquiond3-chunk-0017.smt2,1.86849,0,29,成功
/pub/data/jiafq/iscas/Parser_Comparison/../benchmarks/part85/non-incremental/QF_NRA/meti-tarski/sqrt/problem/sqrt-problem-Melquiond3-chunk-0018.smt2,1.46275,0,8,成功
/pub/data/jiafq/iscas/Parser_Comparison/../benchmarks/part85/non-incremental/QF_NRA/meti-tarski/sqrt/problem/sqrt-problem-Melquiond3-chunk-0019.smt2,2.13082,0,29,成功
/pub/data/jiafq/iscas/Parser_Comparison/../benchmarks/part85/non-incremental/QF_NRA/meti-tarski/sqrt/problem/sqrt-problem-Melquiond3-chunk-0020.smt2,4.04524,0,35,成功
/pub/data/jiafq/iscas/Parser_Comparison/../benchmarks/part85/non-incremental/QF_NRA/meti-tarski/sqrt/problem/sqrt-problem-Melquiond3-chunk-0021.smt2,2.94558,0,9,成功
/pub/data/jiafq/iscas/Parser_Comparison/../benchmarks/part85/non-incremental/QF_NRA/meti-tarski/sqrt/problem/sqrt-problem-Melquiond3-chunk-0022.smt2,2.98444,0,35,成功
/pub/data/jiafq/iscas/Parser_Comparison/../benchmarks/part85/non-incremental/QF_NRA/meti-tarski/sqrt/problem/sqrt-problem-Melquiond3-chunk-0024.smt2,5.76191,228,52,成功
/pub/data/jiafq/iscas/Parser_Comparison/../benchmarks/part85/non-incremental/QF_NRA/meti-tarski/sqrt/problem/sqrt-problem-Melquiond3-chunk-0026.smt2,3.10171,0,45,成功
/pub/data/jiafq/iscas/Parser_Comparison/../benchmarks/part85/non-incremental/QF_NRA/meti-tarski/sqrt/problem/sqrt-problem-Melquiond3-chunk-0029.smt2,2.32362,0,45,成功
/pub/data/jiafq/iscas/Parser_Comparison/../benchmarks/part85/non-incremental/QF_NRA/meti-tarski/sqrt/problem/sqrt-problem-Melquiond3-chunk-0031.smt2,5.01474,0,54,成功
/pub/data/jiafq/iscas/Parser_Comparison/../benchmarks/part85/non-incremental/QF_NRA/meti-tarski/sqrt/problem/sqrt-problem-Melquiond3-chunk-0032.smt2,2.41486,0,48,成功
/pub/data/jiafq/iscas/Parser_Comparison/../benchmarks/part85/non-incremental/QF_NRA/zankl/gen-03.smt2,2.63603,0,4,成功
/pub/data/jiafq/iscas/Parser_Comparison/../benchmarks/part85/non-incremental/QF_NRA/zankl/gen-04.smt2,1.48877,0,4,成功
/pub/data/jiafq/iscas/Parser_Comparison/../benchmarks/part85/non-incremental/QF_NRA/zankl/gen-05.smt2,2.72658,0,8,成功
/pub/data/jiafq/iscas/Parser_Comparison/../benchmarks/part85/non-incremental/QF_NRA/zankl/gen-06.smt2,2.74066,0,9,成功
/pub/data/jiafq/iscas/Parser_Comparison/../benchmarks/part85/non-incremental/QF_NRA/zankl/gen-07.smt2,2.81927,0,9,成功
/pub/data/jiafq/iscas/Parser_Comparison/../benchmarks/part85/non-incremental/QF_NRA/zankl/gen-08.smt2,1.7222,0,9,成功
/pub/data/jiafq/iscas/Parser_Comparison/../benchmarks/part85/non-incremental/QF_NRA/zankl/gen-09.smt2,1.45407,0,9,成功
/pub/data/jiafq/iscas/Parser_Comparison/../benchmarks/part85/non-incremental/QF_NRA/zankl/gen-10.smt2,1.64068,0,6,成功
/pub/data/jiafq/iscas/Parser_Comparison/../benchmarks/part85/non-incremental/QF_NRA/zankl/gen-13.smt2,1.62529,0,4,成功
/pub/data/jiafq/iscas/Parser_Comparison/../benchmarks/part85/non-incremental/QF_NRA/zankl/gen-14.smt2,1.45285,0,4,成功
/pub/data/jiafq/iscas/Parser_Comparison/../benchmarks/part85/non-incremental/QF_NRA/zankl/gen-15.smt2,1.67484,0,9,成功
/pub/data/jiafq/iscas/Parser_Comparison/../benchmarks/part85/non-incremental/QF_NRA/zankl/gen-16.smt2,1.52832,0,9,成功
/pub/data/jiafq/iscas/Parser_Comparison/../benchmarks/part85/non-incremental/QF_NRA/zankl/gen-17.smt2,1.52897,0,10,成功
/pub/data/jiafq/iscas/Parser_Comparison/../benchmarks/part85/non-incremental/QF_NRA/zankl/gen-18.smt2,1.75011,0,9,成功
/pub/data/jiafq/iscas/Parser_Comparison/../benchmarks/part85/non-incremental/QF_NRA/zankl/gen-19.smt2,1.57043,0,9,成功
/pub/data/jiafq/iscas/Parser_Comparison/../benchmarks/part85/non-incremental/QF_NRA/zankl/matrix-1-all-01.smt2,4.87954,0,156,成功
/pub/data/jiafq/iscas/Parser_Comparison/../benchmarks/part85/non-incremental/QF_NRA/zankl/matrix-1-all-10.smt2,7.58821,0,255,成功
/pub/data/jiafq/iscas/Parser_Comparison/../benchmarks/part85/non-incremental/QF_NRA/zankl/matrix-1-all-11.smt2,4.55544,0,135,成功
/pub/data/jiafq/iscas/Parser_Comparison/../benchmarks/part85/non-incremental/QF_NRA/zankl/matrix-1-all-12.smt2,6.41921,0,234,成功
/pub/data/jiafq/iscas/Parser_Comparison/../benchmarks/part85/non-incremental/QF_NRA/zankl/matrix-1-all-13.smt2,6.88743,0,251,成功
/pub/data/jiafq/iscas/Parser_Comparison/../benchmarks/part85/non-incremental/QF_NRA/zankl/matrix-1-all-14.smt2,4.82454,0,144,成功
/pub/data/jiafq/iscas/Parser_Comparison/../benchmarks/part85/non-incremental/QF_NRA/zankl/matrix-1-all-15.smt2,6.7005,0,112,成功
/pub/data/jiafq/iscas/Parser_Comparison/../benchmarks/part85/non-incremental/QF_NRA/zankl/matrix-1-all-16.smt2,12.5074,0,432,成功
/pub/data/jiafq/iscas/Parser_Comparison/../benchmarks/part85/non-incremental/QF_NRA/zankl/matrix-1-all-17.smt2,10.9359,0,420,成功
/pub/data/jiafq/iscas/Parser_Comparison/../benchmarks/part85/non-incremental/QF_NRA/zankl/matrix-1-all-18.smt2,3.41302,0,79,成功
/pub/data/jiafq/iscas/Parser_Comparison/../benchmarks/part85/non-incremental/QF_NRA/zankl/matrix-1-all-19.smt2,8.34437,0,324,成功
/pub/data/jiafq/iscas/Parser_Comparison/../benchmarks/part85/non-incremental/QF_NRA/zankl/matrix-1-all-2.smt2,3.20013,0,90,成功
/pub/data/jiafq/iscas/Parser_Comparison/../benchmarks/part85/non-incremental/QF_NRA/zankl/matrix-1-all-20.smt2,4.35756,0,136,成功
/pub/data/jiafq/iscas/Parser_Comparison/../benchmarks/part85/non-incremental/QF_NRA/zankl/matrix-1-all-21.smt2,4.23306,0,128,成功
/pub/data/jiafq/iscas/Parser_Comparison/../benchmarks/part85/non-incremental/QF_NRA/zankl/matrix-1-all-22.smt2,4.25322,0,126,成功
/pub/data/jiafq/iscas/Parser_Comparison/../benchmarks/part85/non-incremental/QF_NRA/zankl/matrix-1-all-23.smt2,14.4224,0,275,成功
/pub/data/jiafq/iscas/Parser_Comparison/../benchmarks/part85/non-incremental/QF_NRA/zankl/matrix-1-all-24.smt2,3.59468,0,97,成功
/pub/data/jiafq/iscas/Parser_Comparison/../benchmarks/part85/non-incremental/QF_NRA/zankl/matrix-1-all-25.smt2,11.562,0,421,成功
/pub/data/jiafq/iscas/Parser_Comparison/../benchmarks/part85/non-incremental/QF_NRA/zankl/matrix-1-all-26.smt2,7.84412,0,223,成功
/pub/data/jiafq/iscas/Parser_Comparison/../benchmarks/part85/non-incremental/QF_NRA/zankl/matrix-1-all-27.smt2,6.76493,0,229,成功
/pub/data/jiafq/iscas/Parser_Comparison/../benchmarks/part85/non-incremental/QF_NRA/zankl/matrix-1-all-28.smt2,12.3131,0,197,成功
/pub/data/jiafq/iscas/Parser_Comparison/../benchmarks/part85/non-incremental/QF_NRA/zankl/matrix-1-all-29.smt2,4.48679,0,144,成功
/pub/data/jiafq/iscas/Parser_Comparison/../benchmarks/part85/non-incremental/QF_NRA/zankl/matrix-1-all-3.smt2,5.45804,0,176,成功
/pub/data/jiafq/iscas/Parser_Comparison/../benchmarks/part85/non-incremental/QF_NRA/zankl/matrix-1-all-30.smt2,6.53675,0,221,成功
/pub/data/jiafq/iscas/Parser_Comparison/../benchmarks/part85/non-incremental/QF_NRA/zankl/matrix-1-all-31.smt2,8.12208,0,294,成功
/pub/data/jiafq/iscas/Parser_Comparison/../benchmarks/part85/non-incremental/QF_NRA/zankl/matrix-1-all-32.smt2,5.88284,0,200,成功
/pub/data/jiafq/iscas/Parser_Comparison/../benchmarks/part85/non-incremental/QF_NRA/zankl/matrix-1-all-33.smt2,2.93331,0,75,成功
/pub/data/jiafq/iscas/Parser_Comparison/../benchmarks/part85/non-incremental/QF_NRA/zankl/matrix-1-all-34.smt2,5.14244,0,122,成功
/pub/data/jiafq/iscas/Parser_Comparison/../benchmarks/part85/non-incremental/QF_NRA/zankl/matrix-1-all-35.smt2,6.44185,0,240,成功
/pub/data/jiafq/iscas/Parser_Comparison/../benchmarks/part85/non-incremental/QF_NRA/zankl/matrix-1-all-36.smt2,5.94603,224,137,成功
/pub/data/jiafq/iscas/Parser_Comparison/../benchmarks/part85/non-incremental/QF_NRA/zankl/matrix-1-all-37.smt2,7.16229,0,260,成功
/pub/data/jiafq/iscas/Parser_Comparison/../benchmarks/part85/non-incremental/QF_NRA/zankl/matrix-1-all-38.smt2,10.3282,0,197,成功
/pub/data/jiafq/iscas/Parser_Comparison/../benchmarks/part85/non-incremental/QF_NRA/zankl/matrix-1-all-39.smt2,7.90766,0,168,成功
/pub/data/jiafq/iscas/Parser_Comparison/../benchmarks/part85/non-incremental/QF_NRA/zankl/matrix-1-all-4.smt2,11.3843,0,169,成功
/pub/data/jiafq/iscas/Parser_Comparison/../benchmarks/part85/non-incremental/QF_NRA/zankl/matrix-1-all-40.smt2,12.6783,0,503,成功
/pub/data/jiafq/iscas/Parser_Comparison/../benchmarks/part85/non-incremental/QF_NRA/zankl/matrix-1-all-41.smt2,6.72095,0,247,成功
/pub/data/jiafq/iscas/Parser_Comparison/../benchmarks/part85/non-incremental/QF_NRA/zankl/matrix-1-all-42.smt2,18.4911,0,504,成功
/pub/data/jiafq/iscas/Parser_Comparison/../benchmarks/part85/non-incremental/QF_NRA/zankl/matrix-1-all-43.smt2,3.1093,0,93,成功
/pub/data/jiafq/iscas/Parser_Comparison/../benchmarks/part85/non-incremental/QF_NRA/zankl/matrix-1-all-44.smt2,8.54682,0,301,成功
/pub/data/jiafq/iscas/Parser_Comparison/../benchmarks/part85/non-incremental/QF_NRA/zankl/matrix-1-all-45.smt2,12.5357,0,472,成功
/pub/data/jiafq/iscas/Parser_Comparison/../benchmarks/part85/non-incremental/QF_NRA/zankl/matrix-1-all-46.smt2,32.0558,0,1228,成功
/pub/data/jiafq/iscas/Parser_Comparison/../benchmarks/part85/non-incremental/QF_NRA/zankl/matrix-1-all-47.smt2,3.09869,228,81,成功
/pub/data/jiafq/iscas/Parser_Comparison/../benchmarks/part85/non-incremental/QF_NRA/zankl/matrix-1-all-48.smt2,5.49801,0,149,成功
/pub/data/jiafq/iscas/Parser_Comparison/../benchmarks/part85/non-incremental/QF_NRA/zankl/matrix-1-all-49.smt2,6.92488,0,241,成功
/pub/data/jiafq/iscas/Parser_Comparison/../benchmarks/part85/non-incremental/QF_NRA/zankl/matrix-1-all-5.smt2,7.6767,0,299,成功
/pub/data/jiafq/iscas/Parser_Comparison/../benchmarks/part85/non-incremental/QF_NRA/zankl/matrix-1-all-50.smt2,3.19756,0,75,成功
/pub/data/jiafq/iscas/Parser_Comparison/../benchmarks/part85/non-incremental/QF_NRA/zankl/matrix-1-all-52.smt2,2.73165,224,68,成功
/pub/data/jiafq/iscas/Parser_Comparison/../benchmarks/part85/non-incremental/QF_NRA/zankl/matrix-1-all-54.smt2,2.73719,0,65,成功
/pub/data/jiafq/iscas/Parser_Comparison/../benchmarks/part85/non-incremental/QF_NRA/zankl/matrix-1-all-56.smt2,4.00584,0,117,成功
/pub/data/jiafq/iscas/Parser_Comparison/../benchmarks/part85/non-incremental/QF_NRA/zankl/matrix-1-all-6.smt2,8.18688,0,326,成功
/pub/data/jiafq/iscas/Parser_Comparison/../benchmarks/part85/non-incremental/QF_NRA/zankl/matrix-1-all-7.smt2,4.6444,0,158,成功
/pub/data/jiafq/iscas/Parser_Comparison/../benchmarks/part85/non-incremental/QF_NRA/zankl/matrix-1-all-8.smt2,9.28209,0,325,成功
/pub/data/jiafq/iscas/Parser_Comparison/../benchmarks/part85/non-incremental/QF_NRA/zankl/matrix-1-all-9.smt2,4.79335,0,164,成功
/pub/data/jiafq/iscas/Parser_Comparison/../benchmarks/part85/non-incremental/QF_NRA/zankl/matrix-2-all-01.smt2,13.2884,0,540,成功
/pub/data/jiafq/iscas/Parser_Comparison/../benchmarks/part85/non-incremental/QF_NRA/zankl/matrix-2-all-10.smt2,6.48198,0,210,成功
/pub/data/jiafq/iscas/Parser_Comparison/../benchmarks/part85/non-incremental/QF_NRA/zankl/matrix-2-all-11.smt2,6.86834,0,199,成功
/pub/data/jiafq/iscas/Parser_Comparison/../benchmarks/part85/non-incremental/QF_NRA/zankl/matrix-2-all-12.smt2,5.3711,0,154,成功
/pub/data/jiafq/iscas/Parser_Comparison/../benchmarks/part85/non-incremental/QF_NRA/zankl/matrix-2-all-13.smt2,39.8278,0,1714,成功
/pub/data/jiafq/iscas/Parser_Comparison/../benchmarks/part85/non-incremental/QF_NRA/zankl/matrix-2-all-14.smt2,6.29945,0,258,成功
/pub/data/jiafq/iscas/Parser_Comparison/../benchmarks/part85/non-incremental/QF_NRA/zankl/matrix-2-all-15.smt2,29.6071,0,909,成功
/pub/data/jiafq/iscas/Parser_Comparison/../benchmarks/part85/non-incremental/QF_NRA/zankl/matrix-2-all-16.smt2,41.428,0,1438,成功
/pub/data/jiafq/iscas/Parser_Comparison/../benchmarks/part85/non-incremental/QF_NRA/zankl/matrix-2-all-17.smt2,77.6365,0,3314,成功
/pub/data/jiafq/iscas/Parser_Comparison/../benchmarks/part85/non-incremental/QF_NRA/zankl/matrix-2-all-18.smt2,7.43656,0,249,成功
/pub/data/jiafq/iscas/Parser_Comparison/../benchmarks/part85/non-incremental/QF_NRA/zankl/matrix-2-all-19.smt2,20.7948,0,540,成功
/pub/data/jiafq/iscas/Parser_Comparison/../benchmarks/part85/non-incremental/QF_NRA/zankl/matrix-2-all-2.smt2,11.7487,0,445,成功
/pub/data/jiafq/iscas/Parser_Comparison/../benchmarks/part85/non-incremental/QF_NRA/zankl/matrix-2-all-20.smt2,17.2931,0,636,成功
/pub/data/jiafq/iscas/Parser_Comparison/../benchmarks/part85/non-incremental/QF_NRA/zankl/matrix-2-all-21.smt2,7.73799,220,273,成功
/pub/data/jiafq/iscas/Parser_Comparison/../benchmarks/part85/non-incremental/QF_NRA/zankl/matrix-2-all-23.smt2,5.84782,0,178,成功
/pub/data/jiafq/iscas/Parser_Comparison/../benchmarks/part85/non-incremental/QF_NRA/zankl/matrix-2-all-25.smt2,4.77712,0,165,成功
/pub/data/jiafq/iscas/Parser_Comparison/../benchmarks/part85/non-incremental/QF_NRA/zankl/matrix-2-all-27.smt2,10.6947,0,314,成功
/pub/data/jiafq/iscas/Parser_Comparison/../benchmarks/part85/non-incremental/QF_NRA/zankl/matrix-2-all-3.smt2,11.204,0,475,成功
/pub/data/jiafq/iscas/Parser_Comparison/../benchmarks/part85/non-incremental/QF_NRA/zankl/matrix-2-all-4.smt2,9.6843,0,367,成功
/pub/data/jiafq/iscas/Parser_Comparison/../benchmarks/part85/non-incremental/QF_NRA/zankl/matrix-2-all-5.smt2,5.45973,0,192,成功
/pub/data/jiafq/iscas/Parser_Comparison/../benchmarks/part85/non-incremental/QF_NRA/zankl/matrix-2-all-6.smt2,4.39167,0,136,成功
/pub/data/jiafq/iscas/Parser_Comparison/../benchmarks/part85/non-incremental/QF_NRA/zankl/matrix-2-all-7.smt2,12.4959,224,446,成功
/pub/data/jiafq/iscas/Parser_Comparison/../benchmarks/part85/non-incremental/QF_NRA/zankl/matrix-2-all-8.smt2,8.31931,0,155,成功
/pub/data/jiafq/iscas/Parser_Comparison/../benchmarks/part85/non-incremental/QF_NRA/zankl/matrix-2-all-9.smt2,6.17201,0,200,成功
/pub/data/jiafq/iscas/Parser_Comparison/../benchmarks/part85/non-incremental/QF_NRA/zankl/matrix-3-all-01.smt2,30.993,0,1304,成功
/pub/data/jiafq/iscas/Parser_Comparison/../benchmarks/part85/non-incremental/QF_NRA/zankl/matrix-3-all-10.smt2,19.2687,0,553,成功
/pub/data/jiafq/iscas/Parser_Comparison/../benchmarks/part85/non-incremental/QF_NRA/zankl/matrix-3-all-11.smt2,54.2528,0,2110,成功
/pub/data/jiafq/iscas/Parser_Comparison/../benchmarks/part85/non-incremental/QF_NRA/zankl/matrix-3-all-12.smt2,91.3492,0,3367,成功
/pub/data/jiafq/iscas/Parser_Comparison/../benchmarks/part85/non-incremental/QF_NRA/zankl/matrix-3-all-13.smt2,173.543,0,7174,成功
/pub/data/jiafq/iscas/Parser_Comparison/../benchmarks/part85/non-incremental/QF_NRA/zankl/matrix-3-all-14.smt2,16.7958,0,580,成功
/pub/data/jiafq/iscas/Parser_Comparison/../benchmarks/part85/non-incremental/QF_NRA/zankl/matrix-3-all-15.smt2,35.0704,0,1356,成功
/pub/data/jiafq/iscas/Parser_Comparison/../benchmarks/part85/non-incremental/QF_NRA/zankl/matrix-3-all-16.smt2,40.1211,0,1406,成功
/pub/data/jiafq/iscas/Parser_Comparison/../benchmarks/part85/non-incremental/QF_NRA/zankl/matrix-3-all-17.smt2,26.0236,0,694,成功
/pub/data/jiafq/iscas/Parser_Comparison/../benchmarks/part85/non-incremental/QF_NRA/zankl/matrix-3-all-19.smt2,10.6793,0,374,成功
/pub/data/jiafq/iscas/Parser_Comparison/../benchmarks/part85/non-incremental/QF_NRA/zankl/matrix-3-all-2.smt2,17.9531,0,692,成功
/pub/data/jiafq/iscas/Parser_Comparison/../benchmarks/part85/non-incremental/QF_NRA/zankl/matrix-3-all-21.smt2,10.6389,0,345,成功
/pub/data/jiafq/iscas/Parser_Comparison/../benchmarks/part85/non-incremental/QF_NRA/zankl/matrix-3-all-23.smt2,21.6073,0,673,成功
/pub/data/jiafq/iscas/Parser_Comparison/../benchmarks/part85/non-incremental/QF_NRA/zankl/matrix-3-all-3.smt2,21.7665,0,972,成功
/pub/data/jiafq/iscas/Parser_Comparison/../benchmarks/part85/non-incremental/QF_NRA/zankl/matrix-3-all-4.smt2,25.6117,0,1056,成功
/pub/data/jiafq/iscas/Parser_Comparison/../benchmarks/part85/non-incremental/QF_NRA/zankl/matrix-3-all-5.smt2,19.4482,0,793,成功
/pub/data/jiafq/iscas/Parser_Comparison/../benchmarks/part85/non-incremental/QF_NRA/zankl/matrix-3-all-6.smt2,29.0596,0,1098,成功
/pub/data/jiafq/iscas/Parser_Comparison/../benchmarks/part85/non-incremental/QF_NRA/zankl/matrix-3-all-7.smt2,52.9296,0,1808,成功
/pub/data/jiafq/iscas/Parser_Comparison/../benchmarks/part85/non-incremental/QF_NRA/zankl/matrix-3-all-8.smt2,24.5256,0,1021,成功
/pub/data/jiafq/iscas/Parser_Comparison/../benchmarks/part85/non-incremental/QF_NRA/zankl/matrix-3-all-9.smt2,100.196,0,4244,成功
/pub/data/jiafq/iscas/Parser_Comparison/../benchmarks/part85/non-incremental/QF_NRA/zankl/matrix-4-all-01.smt2,54.4732,0,2277,成功
/pub/data/jiafq/iscas/Parser_Comparison/../benchmarks/part85/non-incremental/QF_NRA/zankl/matrix-4-all-10.smt2,55.4985,0,2296,成功
/pub/data/jiafq/iscas/Parser_Comparison/../benchmarks/part85/non-incremental/QF_NRA/zankl/matrix-4-all-11.smt2,82.7358,224,3282,成功
/pub/data/jiafq/iscas/Parser_Comparison/../benchmarks/part85/non-incremental/QF_NRA/zankl/matrix-4-all-12.smt2,67.7135,0,2971,成功
/pub/data/jiafq/iscas/Parser_Comparison/../benchmarks/part85/non-incremental/QF_NRA/zankl/matrix-4-all-13.smt2,35.316,0,1189,成功
/pub/data/jiafq/iscas/Parser_Comparison/../benchmarks/part85/non-incremental/QF_NRA/zankl/matrix-4-all-14.smt2,42.9244,0,1930,成功
/pub/data/jiafq/iscas/Parser_Comparison/../benchmarks/part85/non-incremental/QF_NRA/zankl/matrix-4-all-15.smt2,72.9332,0,3163,成功
/pub/data/jiafq/iscas/Parser_Comparison/../benchmarks/part85/non-incremental/QF_NRA/zankl/matrix-4-all-16.smt2,38.3034,0,1563,成功
/pub/data/jiafq/iscas/Parser_Comparison/../benchmarks/part85/non-incremental/QF_NRA/zankl/matrix-4-all-17.smt2,59.3152,0,2239,成功
/pub/data/jiafq/iscas/Parser_Comparison/../benchmarks/part85/non-incremental/QF_NRA/zankl/matrix-4-all-18.smt2,86.5761,0,3188,成功
/pub/data/jiafq/iscas/Parser_Comparison/../benchmarks/part85/non-incremental/QF_NRA/zankl/matrix-4-all-19.smt2,212.978,0,8619,成功
/pub/data/jiafq/iscas/Parser_Comparison/../benchmarks/part85/non-incremental/QF_NRA/zankl/matrix-4-all-2.smt2,50.9299,0,2138,成功
/pub/data/jiafq/iscas/Parser_Comparison/../benchmarks/part85/non-incremental/QF_NRA/zankl/matrix-4-all-20.smt2,30.4602,0,1014,成功
/pub/data/jiafq/iscas/Parser_Comparison/../benchmarks/part85/non-incremental/QF_NRA/zankl/matrix-4-all-21.smt2,110.179,0,4130,成功
/pub/data/jiafq/iscas/Parser_Comparison/../benchmarks/part85/non-incremental/QF_NRA/zankl/matrix-4-all-22.smt2,168.396,0,6636,成功
/pub/data/jiafq/iscas/Parser_Comparison/../benchmarks/part85/non-incremental/QF_NRA/zankl/matrix-4-all-23.smt2,343.927,0,13377,成功
/pub/data/jiafq/iscas/Parser_Comparison/../benchmarks/part85/non-incremental/QF_NRA/zankl/matrix-4-all-24.smt2,27.3223,0,1137,成功
/pub/data/jiafq/iscas/Parser_Comparison/../benchmarks/part85/non-incremental/QF_NRA/zankl/matrix-4-all-25.smt2,76.0659,0,2772,成功
/pub/data/jiafq/iscas/Parser_Comparison/../benchmarks/part85/non-incremental/QF_NRA/zankl/matrix-4-all-26.smt2,69.1399,0,2683,成功
/pub/data/jiafq/iscas/Parser_Comparison/../benchmarks/part85/non-incremental/QF_NRA/zankl/matrix-4-all-27.smt2,38.9584,0,1441,成功
/pub/data/jiafq/iscas/Parser_Comparison/../benchmarks/part85/non-incremental/QF_NRA/zankl/matrix-4-all-29.smt2,17.156,0,680,成功
/pub/data/jiafq/iscas/Parser_Comparison/../benchmarks/part85/non-incremental/QF_NRA/zankl/matrix-4-all-3.smt2,64.217,0,2427,成功
/pub/data/jiafq/iscas/Parser_Comparison/../benchmarks/part85/non-incremental/QF_NRA/zankl/matrix-4-all-31.smt2,15.5372,0,629,成功
/pub/data/jiafq/iscas/Parser_Comparison/../benchmarks/part85/non-incremental/QF_NRA/zankl/matrix-4-all-33.smt2,35.7052,0,1243,成功
/pub/data/jiafq/iscas/Parser_Comparison/../benchmarks/part85/non-incremental/QF_NRA/zankl/matrix-4-all-4.smt2,50.2015,0,2123,成功
/pub/data/jiafq/iscas/Parser_Comparison/../benchmarks/part85/non-incremental/QF_NRA/zankl/matrix-4-all-5.smt2,131.6,224,5095,成功
/pub/data/jiafq/iscas/Parser_Comparison/../benchmarks/part85/non-incremental/QF_NRA/zankl/matrix-4-all-6.smt2,47.5275,228,1726,成功
/pub/data/jiafq/iscas/Parser_Comparison/../benchmarks/part85/non-incremental/QF_NRA/zankl/matrix-4-all-7.smt2,52.2211,0,2169,成功
/pub/data/jiafq/iscas/Parser_Comparison/../benchmarks/part85/non-incremental/QF_NRA/zankl/matrix-4-all-8.smt2,40.3807,0,1727,成功
/pub/data/jiafq/iscas/Parser_Comparison/../benchmarks/part85/non-incremental/QF_NRA/zankl/matrix-4-all-9.smt2,58.94,176,2548,成功
/pub/data/jiafq/iscas/Parser_Comparison/../benchmarks/part85/non-incremental/QF_NRA/zankl/matrix-5-all-01.smt2,103.256,0,4270,成功
/pub/data/jiafq/iscas/Parser_Comparison/../benchmarks/part85/non-incremental/QF_NRA/zankl/matrix-5-all-10.smt2,78.2929,0,3533,成功
/pub/data/jiafq/iscas/Parser_Comparison/../benchmarks/part85/non-incremental/QF_NRA/zankl/matrix-5-all-11.smt2,73.8484,0,2733,成功
/pub/data/jiafq/iscas/Parser_Comparison/../benchmarks/part85/non-incremental/QF_NRA/zankl/matrix-5-all-12.smt2,112.706,0,4553,成功
/pub/data/jiafq/iscas/Parser_Comparison/../benchmarks/part85/non-incremental/QF_NRA/zankl/matrix-5-all-13.smt2,371.653,0,15355,成功
/pub/data/jiafq/iscas/Parser_Comparison/../benchmarks/part85/non-incremental/QF_NRA/zankl/matrix-5-all-14.smt2,39.7003,0,1677,成功
/pub/data/jiafq/iscas/Parser_Comparison/../benchmarks/part85/non-incremental/QF_NRA/zankl/matrix-5-all-15.smt2,178.142,0,7185,成功
/pub/data/jiafq/iscas/Parser_Comparison/../benchmarks/part85/non-incremental/QF_NRA/zankl/matrix-5-all-16.smt2,312.833,0,11605,成功
/pub/data/jiafq/iscas/Parser_Comparison/../benchmarks/part85/non-incremental/QF_NRA/zankl/matrix-5-all-17.smt2,541.891,220,22475,成功
/pub/data/jiafq/iscas/Parser_Comparison/../benchmarks/part85/non-incremental/QF_NRA/zankl/matrix-5-all-18.smt2,46.8801,0,1980,成功
/pub/data/jiafq/iscas/Parser_Comparison/../benchmarks/part85/non-incremental/QF_NRA/zankl/matrix-5-all-19.smt2,121.178,0,4956,成功
/pub/data/jiafq/iscas/Parser_Comparison/../benchmarks/part85/non-incremental/QF_NRA/zankl/matrix-5-all-2.smt2,87.359,0,3639,成功
/pub/data/jiafq/iscas/Parser_Comparison/../benchmarks/part85/non-incremental/QF_NRA/zankl/matrix-5-all-20.smt2,116.568,0,4599,成功
/pub/data/jiafq/iscas/Parser_Comparison/../benchmarks/part85/non-incremental/QF_NRA/zankl/matrix-5-all-21.smt2,67.5369,0,2610,成功
/pub/data/jiafq/iscas/Parser_Comparison/../benchmarks/part85/non-incremental/QF_NRA/zankl/matrix-5-all-23.smt2,25.7324,0,1120,成功
/pub/data/jiafq/iscas/Parser_Comparison/../benchmarks/part85/non-incremental/QF_NRA/zankl/matrix-5-all-25.smt2,23.4113,0,1041,成功
/pub/data/jiafq/iscas/Parser_Comparison/../benchmarks/part85/non-incremental/QF_NRA/zankl/matrix-5-all-27.smt2,49.7537,0,2072,成功
/pub/data/jiafq/iscas/Parser_Comparison/../benchmarks/part85/non-incremental/QF_NRA/zankl/matrix-5-all-3.smt2,89.6209,0,3766,成功
/pub/data/jiafq/iscas/Parser_Comparison/../benchmarks/part85/non-incremental/QF_NRA/zankl/matrix-5-all-4.smt2,131.764,0,5180,成功
/pub/data/jiafq/iscas/Parser_Comparison/../benchmarks/part85/non-incremental/QF_NRA/zankl/matrix-5-all-5.smt2,94.2986,0,3707,成功
/pub/data/jiafq/iscas/Parser_Comparison/../benchmarks/part85/non-incremental/QF_NRA/zankl/matrix-5-all-6.smt2,88.1508,0,3876,成功
/pub/data/jiafq/iscas/Parser_Comparison/../benchmarks/part85/non-incremental/QF_NRA/zankl/matrix-5-all-7.smt2,91.2634,220,3829,成功
/pub/data/jiafq/iscas/Parser_Comparison/../benchmarks/part85/non-incremental/QF_NRA/zankl/matrix-5-all-8.smt2,71.4657,0,3044,成功
/pub/data/jiafq/iscas/Parser_Comparison/../benchmarks/part85/non-incremental/QF_NRA/zankl/matrix-5-all-9.smt2,91.1135,0,3942,成功
平均值,18.571,11.8493,595.017,100%
